month, time, sex, age, menu
8,8,1,20,아이스 카페 아메리카노
7,8,1,20,아이스 카페 아메리카노
9,8,1,30,아이스 카페 아메리카노
9,8,1,30,아이스 카페 아메리카노
8,8,1,10,아이스 카페 아메리카노
9,8,1,30,아이스 카페 아메리카노
8,8,1,20,아이스 카페 아메리카노
8,8,0,30,아이스 카페 아메리카노
8,8,1,50,아이스 카페 아메리카노
8,8,1,30,아이스 카페 아메리카노
8,8,1,20,아이스 카페 아메리카노
9,8,1,40,아이스 카페 아메리카노
8,8,0,30,아이스 카페 아메리카노
9,8,1,10,아이스 카페 아메리카노
9,8,1,50,아이스 카페 아메리카노
9,8,1,20,아이스 카페 아메리카노
9,8,0,10,아이스 카페 아메리카노
7,8,0,30,아이스 카페 아메리카노
9,8,1,20,아이스 카페 아메리카노
8,8,1,20,아이스 카페 아메리카노
9,8,0,30,아이스 카페 아메리카노
7,8,1,50,아이스 카페 아메리카노
8,8,1,40,아이스 카페 아메리카노
7,8,0,20,아이스 카페 아메리카노
8,8,1,30,아이스 카페 아메리카노
8,8,1,30,아이스 카페 아메리카노
8,8,1,30,아이스 카페 아메리카노
8,8,0,20,아이스 카페 아메리카노
8,8,0,10,아이스 카페 아메리카노
9,8,1,20,아이스 카페 아메리카노
8,8,0,30,아이스 카페 아메리카노
9,8,0,10,아이스 카페 아메리카노
7,8,1,20,아이스 카페 아메리카노
8,8,1,20,아이스 카페 아메리카노
9,8,1,50,아이스 카페 라떼
9,8,1,20,아이스 카페 라떼
8,8,1,20,아이스 카페 라떼
7,8,0,10,아이스 카페 라떼
7,8,1,10,아이스 카페 라떼
7,8,1,20,아이스 카페 라떼
9,8,1,30,아이스 카페 라떼
9,8,1,20,아이스 카페 라떼
8,8,0,20,아이스 카페 라떼
9,8,1,30,아이스 카페 라떼
8,8,1,10,아이스 카페 라떼
9,8,1,20,아이스 카페 라떼
8,8,0,20,아이스 카페 라떼
9,8,0,30,아이스 카페 라떼
8,8,1,20,아이스 카페 라떼
9,8,1,20,아이스 카페 라떼
9,8,1,20,아이스 카페 라떼
9,8,1,30,아이스 카페 라떼
9,8,0,20,아이스 카페 라떼
7,8,1,30,아이스 카페 라떼
8,8,0,20,아이스 카페 라떼
8,8,1,10,아이스 카페 라떼
7,8,0,30,아이스 카페 라떼
9,8,1,30,아이스 카페 라떼
9,8,0,20,아이스 카페 라떼
9,8,0,30,아이스 카페 라떼
7,8,1,20,아이스 카페 라떼
8,8,0,30,아이스 카페 라떼
7,8,1,30,아이스 카페 라떼
7,8,1,30,아이스 카페 라떼
7,8,0,30,아이스 카페 라떼
7,8,1,20,아이스 카페 라떼
7,8,0,30,카페 아메리카노
9,8,1,30,카페 아메리카노
9,8,0,50,카페 아메리카노
7,8,1,30,카페 아메리카노
7,8,0,30,카페 아메리카노
9,8,1,50,카페 아메리카노
7,8,1,20,카페 아메리카노
8,8,0,30,카페 아메리카노
9,8,0,30,카페 아메리카노
8,8,1,30,카페 아메리카노
8,8,1,30,카페 아메리카노
8,8,1,20,카페 아메리카노
7,8,1,50,카페 아메리카노
7,8,1,20,카페 아메리카노
7,8,0,40,카페 아메리카노
8,8,0,40,카페 아메리카노
8,8,0,40,카페 아메리카노
7,8,1,20,카페 아메리카노
7,8,1,20,카페 아메리카노
9,8,1,20,카페 아메리카노
7,8,1,20,카페 아메리카노
7,8,0,50,카페 아메리카노
9,8,1,30,카페 아메리카노
9,8,1,30,카페 아메리카노
7,8,1,50,카페 아메리카노
7,8,1,40,카페 아메리카노
9,8,1,10,카페 라떼
8,8,0,10,카페 라떼
8,8,1,20,카페 라떼
9,8,0,10,카페 라떼
9,8,1,10,카페 라떼
8,8,1,30,카페 라떼
8,8,0,20,카페 라떼
9,8,0,30,카페 라떼
9,8,1,30,카페 라떼
9,8,0,50,카페 라떼
9,8,1,10,카페 라떼
8,8,0,30,카페 라떼
9,8,0,20,카페 라떼
9,8,1,30,카페 라떼
8,8,0,20,카페 라떼
8,8,1,20,카페 라떼
8,8,1,30,카페 라떼
8,8,1,20,카페 라떼
9,8,1,20,카페 라떼
8,8,0,10,카페 라떼
8,8,0,10,카페 라떼
9,8,1,20,카페 라떼
7,8,1,10,카페 라떼
7,8,1,30,돌체 콜드 브루
9,8,0,30,돌체 콜드 브루
8,8,0,20,돌체 콜드 브루
9,8,0,20,돌체 콜드 브루
9,8,0,30,돌체 콜드 브루
8,8,0,50,돌체 콜드 브루
7,8,0,20,돌체 콜드 브루
7,8,1,20,돌체 콜드 브루
7,8,1,30,돌체 콜드 브루
7,8,0,30,돌체 콜드 브루
7,8,0,30,돌체 콜드 브루
8,8,0,20,돌체 콜드 브루
7,8,1,30,돌체 콜드 브루
9,8,1,30,돌체 콜드 브루
9,8,1,10,돌체 콜드 브루
9,8,0,40,돌체 콜드 브루
9,8,0,20,돌체 콜드 브루
8,8,1,30,돌체 콜드 브루
8,8,1,50,바닐라 크림 콜드 브루
8,8,0,10,바닐라 크림 콜드 브루
8,8,1,10,바닐라 크림 콜드 브루
8,8,1,30,바닐라 크림 콜드 브루
9,8,1,30,바닐라 크림 콜드 브루
7,8,1,30,바닐라 크림 콜드 브루
8,8,1,30,바닐라 크림 콜드 브루
7,8,0,20,바닐라 크림 콜드 브루
7,8,0,20,바닐라 크림 콜드 브루
7,8,1,20,바닐라 크림 콜드 브루
8,8,1,30,바닐라 크림 콜드 브루
8,8,0,40,바닐라 크림 콜드 브루
8,8,1,20,바닐라 크림 콜드 브루
7,8,1,20,바닐라 크림 콜드 브루
9,8,1,20,바닐라 크림 콜드 브루
8,8,0,50,아이스 돌체 라떼
9,8,1,30,아이스 돌체 라떼
7,8,0,20,아이스 돌체 라떼
9,8,0,50,아이스 돌체 라떼
8,8,1,10,아이스 돌체 라떼
7,8,1,30,아이스 돌체 라떼
8,8,1,20,아이스 돌체 라떼
8,8,1,40,아이스 돌체 라떼
9,8,0,30,아이스 돌체 라떼
7,8,0,30,아이스 돌체 라떼
8,8,1,20,콜드 브루
9,8,0,30,콜드 브루
8,8,0,40,콜드 브루
9,8,0,20,콜드 브루
9,8,0,30,콜드 브루
7,8,0,40,콜드 브루
9,8,0,20,아이스 자몽 허니 블랙 티
7,8,1,20,아이스 자몽 허니 블랙 티
9,8,0,10,아이스 자몽 허니 블랙 티
9,8,1,30,아이스 자몽 허니 블랙 티
7,8,1,20,아이스 디카페인 카페 아메리카노
9,8,0,30,카푸치노
7,8,1,30,카푸치노
9,8,0,30,카페 모카
7,8,1,10,카페 모카
9,8,1,20,아이스 카페 모카
7,8,1,10,아이스 카페 모카
9,8,1,20,화이트 초콜릿 모카
7,8,0,50,아이스 바닐라 빈 라떼
9,8,0,20,아이스 바닐라 빈 라떼
9,8,0,30,카라멜 프라푸치노
7,8,0,10,초콜릿 크림 칩 프라푸치노
9,8,1,40,망고 패션 프루트 블렌디드
7,8,0,10,망고 패션 프루트 블렌디드
8,8,0,20,딸기 딜라이트 요거트 블렌디드
7,8,1,20,딸기 레몬 블렌디드
7,8,1,20,아이스 민트 블렌드 티
7,8,0,30,아이스 민트 블렌드 티
7,8,1,20,아이스 캐모마일 블렌드 티
8,8,0,10,아이스 캐모마일 블렌드 티
7,8,1,20,히비스커스 블렌드 티
9,8,0,20,아이스 제주 유기 녹차
8,8,1,20,아이스 제주 유기 녹차
9,8,1,20,자몽 허니 블랙 티
8,8,0,40,자몽 허니 블랙 티
8,8,1,20,패션 프루트 티
7,8,1,10,아이스 패션 프루트 티
9,8,1,20,아이스 패션 프루트 티
7,8,1,20,잉글리쉬 브렉퍼스트 티
9,8,1,20,우유
7,9,1,40,아이스 카페 아메리카노
9,9,1,10,아이스 카페 아메리카노
8,9,1,10,아이스 카페 아메리카노
7,9,0,10,아이스 카페 아메리카노
7,9,1,50,아이스 카페 아메리카노
9,9,1,20,아이스 카페 아메리카노
7,9,1,50,아이스 카페 아메리카노
7,9,1,10,아이스 카페 아메리카노
7,9,1,40,아이스 카페 아메리카노
9,9,1,10,아이스 카페 아메리카노
8,9,0,20,아이스 카페 아메리카노
9,9,1,40,아이스 카페 아메리카노
7,9,1,20,아이스 카페 아메리카노
7,9,1,40,아이스 카페 아메리카노
8,9,0,20,아이스 카페 아메리카노
7,9,0,30,아이스 카페 아메리카노
7,9,1,30,아이스 카페 아메리카노
8,9,0,20,아이스 카페 아메리카노
9,9,1,50,아이스 카페 아메리카노
8,9,0,20,아이스 카페 아메리카노
9,9,1,30,아이스 카페 아메리카노
7,9,0,20,아이스 카페 아메리카노
9,9,1,30,아이스 카페 아메리카노
7,9,1,10,아이스 카페 아메리카노
8,9,0,20,아이스 카페 아메리카노
9,9,1,30,아이스 카페 아메리카노
7,9,1,30,아이스 카페 아메리카노
7,9,1,30,아이스 카페 아메리카노
9,9,1,20,아이스 카페 아메리카노
8,9,1,50,아이스 카페 아메리카노
9,9,1,20,아이스 카페 아메리카노
7,9,0,20,아이스 카페 아메리카노
9,9,1,30,아이스 카페 아메리카노
7,9,0,50,아이스 카페 아메리카노
9,9,0,30,아이스 카페 아메리카노
7,9,1,30,아이스 카페 라떼
9,9,0,20,아이스 카페 라떼
9,9,1,30,아이스 카페 라떼
9,9,0,20,아이스 카페 라떼
8,9,0,50,아이스 카페 라떼
8,9,1,20,아이스 카페 라떼
7,9,1,50,아이스 카페 라떼
7,9,1,10,아이스 카페 라떼
7,9,1,10,아이스 카페 라떼
9,9,0,10,아이스 카페 라떼
8,9,1,20,아이스 카페 라떼
8,9,1,20,아이스 카페 라떼
9,9,0,30,아이스 카페 라떼
9,9,1,50,아이스 카페 라떼
9,9,1,20,아이스 카페 라떼
8,9,1,30,아이스 카페 라떼
9,9,0,20,아이스 카페 라떼
8,9,0,40,아이스 카페 라떼
9,9,0,20,아이스 카페 라떼
7,9,1,20,아이스 카페 라떼
9,9,1,30,아이스 카페 라떼
7,9,1,30,아이스 카페 라떼
8,9,1,20,아이스 카페 라떼
7,9,1,10,아이스 카페 라떼
8,9,0,20,아이스 카페 라떼
7,9,0,40,아이스 카페 라떼
8,9,1,50,아이스 카페 라떼
8,9,1,20,아이스 카페 라떼
8,9,1,50,아이스 카페 라떼
9,9,1,30,아이스 카페 라떼
9,9,1,30,아이스 카페 라떼
9,9,1,20,아이스 카페 라떼
9,9,1,20,카페 아메리카노
8,9,0,50,카페 아메리카노
8,9,0,20,카페 아메리카노
9,9,1,20,카페 아메리카노
9,9,0,40,카페 아메리카노
8,9,0,30,카페 아메리카노
7,9,1,30,카페 아메리카노
9,9,0,30,카페 아메리카노
9,9,0,20,카페 아메리카노
7,9,0,30,카페 아메리카노
7,9,1,40,카페 아메리카노
9,9,0,20,카페 아메리카노
9,9,0,50,카페 아메리카노
7,9,0,30,카페 아메리카노
7,9,0,20,카페 아메리카노
8,9,0,20,카페 아메리카노
9,9,1,20,카페 아메리카노
7,9,0,20,카페 아메리카노
8,9,1,10,카페 아메리카노
9,9,1,30,카페 아메리카노
7,9,1,50,카페 아메리카노
9,9,1,40,카페 아메리카노
9,9,0,40,카페 아메리카노
9,9,1,30,카페 아메리카노
9,9,0,20,카페 아메리카노
7,9,1,40,카페 아메리카노
8,9,0,40,아이스 돌체 라떼
9,9,1,50,아이스 돌체 라떼
9,9,1,30,아이스 돌체 라떼
7,9,1,40,아이스 돌체 라떼
9,9,0,10,아이스 돌체 라떼
7,9,0,30,아이스 돌체 라떼
7,9,1,30,아이스 돌체 라떼
8,9,0,30,아이스 돌체 라떼
8,9,1,20,아이스 돌체 라떼
7,9,0,40,아이스 돌체 라떼
9,9,1,20,아이스 돌체 라떼
8,9,0,30,아이스 돌체 라떼
7,9,1,40,아이스 돌체 라떼
9,9,0,20,아이스 돌체 라떼
8,9,0,20,아이스 돌체 라떼
7,9,1,30,아이스 돌체 라떼
9,9,1,20,아이스 돌체 라떼
9,9,0,30,아이스 돌체 라떼
8,9,0,30,아이스 돌체 라떼
7,9,1,20,아이스 돌체 라떼
8,9,0,40,아이스 돌체 라떼
8,9,1,20,아이스 돌체 라떼
7,9,0,40,돌체 콜드 브루
9,9,0,20,돌체 콜드 브루
7,9,0,20,돌체 콜드 브루
7,9,0,30,돌체 콜드 브루
7,9,1,30,돌체 콜드 브루
9,9,1,10,돌체 콜드 브루
7,9,1,10,돌체 콜드 브루
8,9,1,10,돌체 콜드 브루
9,9,1,50,돌체 콜드 브루
7,9,1,30,돌체 콜드 브루
8,9,1,50,돌체 콜드 브루
8,9,1,30,돌체 콜드 브루
9,9,1,30,돌체 콜드 브루
8,9,0,20,돌체 콜드 브루
8,9,0,20,돌체 콜드 브루
7,9,1,40,돌체 콜드 브루
9,9,1,10,돌체 콜드 브루
9,9,1,20,돌체 콜드 브루
8,9,0,30,돌체 콜드 브루
8,9,0,10,딸기 레몬 블렌디드
7,9,1,10,딸기 레몬 블렌디드
9,9,1,20,딸기 레몬 블렌디드
7,9,1,50,딸기 레몬 블렌디드
7,9,1,30,딸기 레몬 블렌디드
7,9,0,20,딸기 레몬 블렌디드
9,9,1,20,딸기 레몬 블렌디드
7,9,0,10,딸기 레몬 블렌디드
9,9,1,50,딸기 레몬 블렌디드
7,9,1,50,딸기 레몬 블렌디드
7,9,1,30,딸기 레몬 블렌디드
9,9,0,20,딸기 레몬 블렌디드
8,9,0,30,딸기 레몬 블렌디드
7,9,1,20,딸기 레몬 블렌디드
8,9,1,30,돌체 카라멜 칩 커피 프라푸치노
7,9,1,50,돌체 카라멜 칩 커피 프라푸치노
7,9,1,50,돌체 카라멜 칩 커피 프라푸치노
9,9,0,10,돌체 카라멜 칩 커피 프라푸치노
7,9,1,30,돌체 카라멜 칩 커피 프라푸치노
9,9,1,40,돌체 카라멜 칩 커피 프라푸치노
9,9,0,50,돌체 카라멜 칩 커피 프라푸치노
8,9,0,50,돌체 카라멜 칩 커피 프라푸치노
7,9,0,10,돌체 카라멜 칩 커피 프라푸치노
8,9,1,20,돌체 카라멜 칩 커피 프라푸치노
9,9,1,30,돌체 카라멜 칩 커피 프라푸치노
9,9,0,20,카페 라떼
9,9,1,30,카페 라떼
9,9,1,50,카페 라떼
7,9,1,10,카페 라떼
9,9,1,50,카페 라떼
8,9,0,30,카페 라떼
8,9,1,20,카페 라떼
9,9,1,10,카페 라떼
8,9,1,30,바닐라 크림 콜드 브루
7,9,0,40,바닐라 크림 콜드 브루
9,9,0,40,아이스 카푸치노
7,9,0,20,카페 모카
8,9,1,20,카페 모카
9,9,0,30,아이스 카페 모카
9,9,1,40,나이트로 바닐라 크림
9,9,1,30,에스프레소
7,9,0,20,클래식 아포가토
9,9,1,30,자바 칩 프라푸치노
8,9,1,30,자바 칩 프라푸치노
8,9,0,10,카라멜 프라푸치노
8,9,1,30,화이트 초콜릿 모카 프라푸치노
9,9,0,40,화이트 초콜릿 모카 프라푸치노
8,9,1,30,망고 패션 프루트 블렌디드
8,9,1,50,딸기 딜라이트 요거트 블렌디드
8,9,1,30,라임 패션 티
8,9,1,50,민트 블렌드 티
8,9,1,30,민트 블렌드 티
9,9,1,50,아이스 민트 블렌드 티
7,9,0,50,아이스 얼 그레이 티
8,9,0,20,제주 유기 녹차
8,9,0,40,제주 유기 녹차
7,9,1,10,파인애플 선셋 아이스티
8,10,0,10,아이스 카페 아메리카노
9,10,0,10,아이스 카페 아메리카노
9,10,1,30,아이스 카페 아메리카노
7,10,1,20,아이스 카페 아메리카노
7,10,1,40,아이스 카페 아메리카노
9,10,1,40,아이스 카페 아메리카노
8,10,1,20,아이스 카페 아메리카노
7,10,0,30,아이스 카페 아메리카노
8,10,1,30,아이스 카페 아메리카노
9,10,1,20,아이스 카페 아메리카노
8,10,0,20,아이스 카페 아메리카노
9,10,0,30,아이스 카페 아메리카노
8,10,0,20,아이스 카페 아메리카노
9,10,0,20,아이스 카페 아메리카노
7,10,0,30,아이스 카페 아메리카노
9,10,1,20,아이스 카페 아메리카노
7,10,1,50,아이스 카페 아메리카노
9,10,1,20,아이스 카페 아메리카노
9,10,1,30,아이스 카페 아메리카노
7,10,1,20,아이스 카페 아메리카노
8,10,0,10,아이스 카페 아메리카노
7,10,1,20,아이스 카페 아메리카노
9,10,1,20,아이스 카페 아메리카노
8,10,0,20,아이스 카페 아메리카노
7,10,0,40,아이스 카페 아메리카노
9,10,0,10,아이스 카페 아메리카노
9,10,0,30,아이스 카페 아메리카노
7,10,1,20,아이스 카페 아메리카노
8,10,1,40,아이스 카페 아메리카노
8,10,1,30,아이스 카페 아메리카노
8,10,0,10,아이스 카페 아메리카노
7,10,0,10,아이스 카페 아메리카노
9,10,0,40,아이스 카페 아메리카노
8,10,1,50,아이스 카페 아메리카노
9,10,0,20,아이스 카페 아메리카노
8,10,1,30,아이스 카페 아메리카노
8,10,0,20,아이스 카페 라떼
8,10,1,30,아이스 카페 라떼
9,10,1,30,아이스 카페 라떼
8,10,1,40,아이스 카페 라떼
7,10,0,20,아이스 카페 라떼
9,10,1,30,아이스 카페 라떼
9,10,1,10,아이스 카페 라떼
9,10,0,20,아이스 카페 라떼
8,10,1,20,아이스 카페 라떼
7,10,0,50,아이스 카페 라떼
9,10,1,30,아이스 카페 라떼
9,10,1,10,아이스 카페 라떼
7,10,1,20,아이스 카페 라떼
9,10,1,30,아이스 카페 라떼
9,10,1,50,아이스 카페 라떼
9,10,1,30,아이스 카페 라떼
9,10,1,40,아이스 카페 라떼
8,10,0,20,아이스 카페 라떼
8,10,0,20,아이스 카페 라떼
9,10,0,10,아이스 카페 라떼
7,10,0,30,아이스 카페 라떼
7,10,0,50,아이스 카페 라떼
8,10,1,20,아이스 카페 라떼
9,10,0,20,아이스 카페 라떼
8,10,1,50,아이스 카페 라떼
9,10,0,20,아이스 카페 라떼
7,10,1,20,아이스 카페 라떼
9,10,1,10,아이스 카페 라떼
7,10,1,40,아이스 카페 라떼
8,10,1,30,아이스 카페 라떼
7,10,1,30,카페 아메리카노
9,10,0,30,카페 아메리카노
7,10,0,30,카페 아메리카노
7,10,1,10,카페 아메리카노
8,10,1,30,카페 아메리카노
7,10,0,20,카페 아메리카노
9,10,1,20,카페 아메리카노
9,10,1,20,카페 아메리카노
9,10,1,30,카페 아메리카노
7,10,1,20,카페 아메리카노
9,10,1,20,카페 아메리카노
9,10,1,20,카페 아메리카노
8,10,0,20,카페 아메리카노
7,10,1,10,카페 아메리카노
9,10,0,30,카페 아메리카노
8,10,1,20,카페 아메리카노
7,10,1,20,카페 아메리카노
8,10,0,20,카페 아메리카노
7,10,1,50,카페 아메리카노
9,10,0,30,카페 아메리카노
8,10,1,30,카페 아메리카노
7,10,1,50,카페 아메리카노
9,10,0,40,카페 아메리카노
8,10,1,30,카페 아메리카노
9,10,1,10,카페 아메리카노
8,10,1,30,카페 아메리카노
9,10,0,50,돌체 콜드 브루
9,10,0,30,돌체 콜드 브루
9,10,1,10,돌체 콜드 브루
8,10,0,30,돌체 콜드 브루
9,10,1,10,돌체 콜드 브루
7,10,0,20,돌체 콜드 브루
7,10,1,30,돌체 콜드 브루
7,10,1,20,돌체 콜드 브루
7,10,1,30,돌체 콜드 브루
7,10,0,20,돌체 콜드 브루
8,10,0,20,돌체 콜드 브루
7,10,1,50,돌체 콜드 브루
8,10,1,30,돌체 콜드 브루
8,10,1,20,돌체 콜드 브루
9,10,0,40,돌체 콜드 브루
7,10,0,40,돌체 콜드 브루
9,10,0,30,돌체 콜드 브루
9,10,1,50,돌체 콜드 브루
7,10,0,20,돌체 콜드 브루
7,10,1,30,돌체 콜드 브루
7,10,1,50,돌체 콜드 브루
8,10,0,30,돌체 콜드 브루
8,10,1,30,돌체 콜드 브루
8,10,1,20,돌체 콜드 브루
7,10,0,30,아이스 돌체 라떼
9,10,0,20,아이스 돌체 라떼
9,10,1,20,아이스 돌체 라떼
9,10,1,20,아이스 돌체 라떼
7,10,1,30,아이스 돌체 라떼
8,10,1,50,아이스 돌체 라떼
7,10,0,20,아이스 돌체 라떼
8,10,0,10,아이스 돌체 라떼
8,10,0,30,아이스 돌체 라떼
8,10,0,20,아이스 돌체 라떼
7,10,0,30,아이스 돌체 라떼
9,10,1,20,아이스 돌체 라떼
8,10,1,50,아이스 돌체 라떼
8,10,1,40,아이스 돌체 라떼
7,10,1,40,아이스 돌체 라떼
7,10,1,10,아이스 돌체 라떼
7,10,1,30,아이스 돌체 라떼
8,10,1,50,아이스 돌체 라떼
9,10,0,30,아이스 돌체 라떼
8,10,1,40,아이스 돌체 라떼
9,10,1,30,딸기 레몬 블렌디드
8,10,1,20,딸기 레몬 블렌디드
7,10,1,40,딸기 레몬 블렌디드
9,10,0,20,딸기 레몬 블렌디드
7,10,1,20,딸기 레몬 블렌디드
9,10,0,40,딸기 레몬 블렌디드
7,10,0,50,딸기 레몬 블렌디드
8,10,1,10,딸기 레몬 블렌디드
7,10,1,20,딸기 레몬 블렌디드
7,10,0,30,딸기 레몬 블렌디드
8,10,0,10,딸기 레몬 블렌디드
7,10,1,30,딸기 레몬 블렌디드
9,10,1,50,딸기 레몬 블렌디드
7,10,1,20,딸기 레몬 블렌디드
7,10,0,20,돌체 카라멜 칩 커피 프라푸치노
9,10,0,40,돌체 카라멜 칩 커피 프라푸치노
7,10,0,10,돌체 카라멜 칩 커피 프라푸치노
7,10,0,50,돌체 카라멜 칩 커피 프라푸치노
7,10,1,20,돌체 카라멜 칩 커피 프라푸치노
9,10,1,20,돌체 카라멜 칩 커피 프라푸치노
8,10,1,50,돌체 카라멜 칩 커피 프라푸치노
7,10,0,20,돌체 카라멜 칩 커피 프라푸치노
7,10,0,20,돌체 카라멜 칩 커피 프라푸치노
9,10,1,30,돌체 카라멜 칩 커피 프라푸치노
9,10,1,20,돌체 카라멜 칩 커피 프라푸치노
9,10,1,40,바닐라 크림 콜드 브루
7,10,0,20,바닐라 크림 콜드 브루
7,10,0,20,바닐라 크림 콜드 브루
9,10,1,30,바닐라 크림 콜드 브루
8,10,0,30,바닐라 크림 콜드 브루
7,10,1,20,바닐라 크림 콜드 브루
8,10,1,30,바닐라 크림 콜드 브루
9,10,0,20,카페 라떼
8,10,1,20,카페 라떼
7,10,1,30,카페 라떼
7,10,0,40,카페 라떼
7,10,1,30,아이스 카라멜 마키아또
7,10,1,40,아이스 카라멜 마키아또
7,10,1,20,카페 모카
8,10,0,20,돌체 라떼
7,10,0,50,모카 프라푸치노
9,10,1,30,에스프레소 프라푸치노
9,10,0,10,자바 칩 프라푸치노
7,10,1,20,초콜릿 크림 칩 프라푸치노
9,10,1,30,초콜릿 크림 칩 프라푸치노
8,10,0,30,아이스 민트 블렌드 티
9,10,0,50,아이스 민트 블렌드 티
9,10,1,40,아이스 얼 그레이 티
8,10,0,20,유자 민트 티
9,10,0,10,유자 민트 티
8,10,1,30,아이스 캐모마일 블렌드 티
9,10,1,10,아이스 히비스커스 블렌드 티
9,10,1,30,아이스 히비스커스 블렌드 티
9,10,0,10,자몽 허니 블랙 티
8,10,1,20,아이스 자몽 허니 블랙 티
9,10,1,40,파인애플 선셋 아이스티
8,10,1,30,파인애플 선셋 아이스티
9,10,0,30,쿨 라임 피지오
7,11,1,30,아이스 카페 아메리카노
9,11,0,30,아이스 카페 아메리카노
9,11,0,30,아이스 카페 아메리카노
7,11,0,10,아이스 카페 아메리카노
7,11,0,40,아이스 카페 아메리카노
7,11,1,10,아이스 카페 아메리카노
8,11,1,20,아이스 카페 아메리카노
8,11,1,30,아이스 카페 아메리카노
9,11,0,10,아이스 카페 아메리카노
7,11,1,20,아이스 카페 아메리카노
8,11,1,30,아이스 카페 아메리카노
9,11,0,20,아이스 카페 아메리카노
9,11,0,20,아이스 카페 아메리카노
8,11,1,20,아이스 카페 아메리카노
7,11,1,20,아이스 카페 아메리카노
8,11,1,40,아이스 카페 아메리카노
7,11,1,50,아이스 카페 아메리카노
7,11,0,30,아이스 카페 아메리카노
8,11,1,50,아이스 카페 아메리카노
8,11,0,30,아이스 카페 아메리카노
8,11,0,20,아이스 카페 아메리카노
8,11,1,20,아이스 카페 아메리카노
7,11,1,30,아이스 카페 아메리카노
9,11,1,30,아이스 카페 아메리카노
9,11,1,30,아이스 카페 아메리카노
7,11,1,20,아이스 카페 아메리카노
9,11,0,50,아이스 카페 아메리카노
9,11,1,20,아이스 카페 아메리카노
9,11,1,40,아이스 카페 아메리카노
9,11,1,20,아이스 카페 아메리카노
8,11,0,20,아이스 카페 아메리카노
8,11,1,40,아이스 카페 아메리카노
7,11,1,20,아이스 카페 아메리카노
7,11,1,20,아이스 카페 아메리카노
7,11,0,40,아이스 카페 아메리카노
7,11,0,50,아이스 카페 라떼
9,11,1,20,아이스 카페 라떼
7,11,1,20,아이스 카페 라떼
7,11,0,40,아이스 카페 라떼
7,11,0,30,아이스 카페 라떼
8,11,0,30,아이스 카페 라떼
8,11,1,20,아이스 카페 라떼
8,11,1,30,아이스 카페 라떼
7,11,0,20,아이스 카페 라떼
8,11,1,20,아이스 카페 라떼
9,11,0,40,아이스 카페 라떼
7,11,0,20,아이스 카페 라떼
7,11,0,40,아이스 카페 라떼
7,11,0,20,아이스 카페 라떼
8,11,1,50,아이스 카페 라떼
7,11,0,20,아이스 카페 라떼
8,11,0,30,아이스 카페 라떼
7,11,1,40,아이스 카페 라떼
7,11,0,20,아이스 카페 라떼
8,11,1,20,아이스 카페 라떼
8,11,1,10,아이스 카페 라떼
9,11,1,20,아이스 카페 라떼
9,11,1,20,아이스 카페 라떼
9,11,1,40,아이스 카페 라떼
8,11,1,30,아이스 카페 라떼
9,11,1,10,아이스 카페 라떼
8,11,0,20,아이스 카페 라떼
9,11,1,30,아이스 카페 라떼
8,11,1,40,아이스 카페 라떼
8,11,1,20,아이스 카페 라떼
7,11,1,40,아이스 카페 라떼
7,11,1,30,아이스 카페 라떼
7,11,1,20,카페 아메리카노
9,11,1,30,카페 아메리카노
9,11,0,20,카페 아메리카노
8,11,0,30,카페 아메리카노
8,11,1,40,카페 아메리카노
9,11,0,30,카페 아메리카노
8,11,1,50,카페 아메리카노
7,11,0,50,카페 아메리카노
7,11,1,50,카페 아메리카노
8,11,1,20,카페 아메리카노
9,11,1,20,카페 아메리카노
8,11,1,30,카페 아메리카노
9,11,0,20,카페 아메리카노
8,11,0,30,카페 아메리카노
9,11,1,10,카페 아메리카노
9,11,0,10,카페 아메리카노
7,11,0,10,카페 아메리카노
9,11,0,30,카페 아메리카노
7,11,0,20,카페 아메리카노
7,11,0,20,카페 아메리카노
7,11,0,30,카페 아메리카노
9,11,0,50,카페 아메리카노
8,11,1,20,카페 아메리카노
8,11,0,30,카페 아메리카노
9,11,1,30,카페 아메리카노
7,11,1,30,카페 아메리카노
9,11,0,30,카페 아메리카노
7,11,0,40,카페 아메리카노
9,11,1,50,돌체 콜드 브루
9,11,0,40,돌체 콜드 브루
7,11,0,20,돌체 콜드 브루
7,11,1,20,돌체 콜드 브루
8,11,1,30,돌체 콜드 브루
7,11,0,20,돌체 콜드 브루
7,11,0,30,돌체 콜드 브루
7,11,1,10,돌체 콜드 브루
7,11,1,20,돌체 콜드 브루
7,11,1,50,돌체 콜드 브루
9,11,1,10,돌체 콜드 브루
7,11,1,50,돌체 콜드 브루
8,11,0,20,돌체 콜드 브루
8,11,1,30,돌체 콜드 브루
9,11,1,30,돌체 콜드 브루
8,11,0,20,돌체 콜드 브루
8,11,1,30,돌체 콜드 브루
7,11,1,30,돌체 콜드 브루
7,11,0,30,돌체 콜드 브루
7,11,1,20,돌체 콜드 브루
7,11,1,20,돌체 콜드 브루
8,11,0,30,돌체 콜드 브루
8,11,0,30,돌체 콜드 브루
8,11,1,30,돌체 콜드 브루
8,11,0,40,돌체 카라멜 칩 커피 프라푸치노
8,11,0,20,돌체 카라멜 칩 커피 프라푸치노
7,11,0,30,돌체 카라멜 칩 커피 프라푸치노
7,11,0,10,돌체 카라멜 칩 커피 프라푸치노
7,11,1,30,돌체 카라멜 칩 커피 프라푸치노
7,11,1,20,돌체 카라멜 칩 커피 프라푸치노
9,11,1,40,돌체 카라멜 칩 커피 프라푸치노
9,11,1,30,돌체 카라멜 칩 커피 프라푸치노
7,11,0,50,돌체 카라멜 칩 커피 프라푸치노
7,11,1,20,돌체 카라멜 칩 커피 프라푸치노
7,11,1,20,돌체 카라멜 칩 커피 프라푸치노
8,11,1,30,돌체 카라멜 칩 커피 프라푸치노
8,11,0,30,돌체 카라멜 칩 커피 프라푸치노
9,11,1,30,돌체 카라멜 칩 커피 프라푸치노
9,11,1,10,돌체 카라멜 칩 커피 프라푸치노
9,11,1,20,돌체 카라멜 칩 커피 프라푸치노
9,11,1,20,돌체 카라멜 칩 커피 프라푸치노
8,11,1,30,돌체 카라멜 칩 커피 프라푸치노
8,11,1,40,돌체 카라멜 칩 커피 프라푸치노
8,11,0,50,딸기 레몬 블렌디드
9,11,0,50,딸기 레몬 블렌디드
9,11,0,40,딸기 레몬 블렌디드
9,11,0,40,딸기 레몬 블렌디드
9,11,0,30,딸기 레몬 블렌디드
8,11,0,50,딸기 레몬 블렌디드
8,11,1,20,딸기 레몬 블렌디드
9,11,0,30,딸기 레몬 블렌디드
8,11,0,40,딸기 레몬 블렌디드
9,11,0,30,딸기 레몬 블렌디드
7,11,1,30,딸기 레몬 블렌디드
8,11,0,30,딸기 레몬 블렌디드
8,11,1,10,딸기 레몬 블렌디드
9,11,1,40,딸기 레몬 블렌디드
8,11,0,40,딸기 레몬 블렌디드
8,11,1,50,딸기 레몬 블렌디드
8,11,0,20,아이스 돌체 라떼
7,11,1,10,아이스 돌체 라떼
8,11,1,10,아이스 돌체 라떼
8,11,0,30,아이스 돌체 라떼
9,11,0,30,아이스 돌체 라떼
9,11,0,10,아이스 돌체 라떼
9,11,1,20,아이스 돌체 라떼
7,11,0,30,아이스 돌체 라떼
8,11,1,50,아이스 돌체 라떼
9,11,1,20,아이스 돌체 라떼
7,11,0,30,바닐라 크림 콜드 브루
8,11,0,50,바닐라 크림 콜드 브루
9,11,0,20,바닐라 크림 콜드 브루
8,11,1,50,바닐라 크림 콜드 브루
7,11,1,20,바닐라 크림 콜드 브루
8,11,0,20,바닐라 크림 콜드 브루
8,11,0,20,바닐라 크림 콜드 브루
7,11,1,30,바닐라 크림 콜드 브루
9,11,1,50,카페 라떼
7,11,1,30,카페 라떼
8,11,1,40,아이스 디카페인 카페 아메리카노
7,11,1,30,화이트 초콜릿 모카
7,11,0,30,화이트 초콜릿 모카
9,11,0,30,콜드 브루
8,11,0,30,콜드 브루
7,11,0,20,클래식 아포가토
7,11,1,30,바닐라 크림 프라푸치노
7,11,1,20,초콜릿 크림 칩 프라푸치노
8,11,1,20,화이트 딸기 크림 프라푸치노
9,11,1,30,딸기 딜라이트 요거트 블렌디드
7,11,1,30,민트 블렌드 티
9,11,1,20,아이스 얼 그레이 티
9,11,1,30,아이스 얼 그레이 티
8,11,0,10,아이스 유자 민트 티
9,11,1,30,캐모마일 블렌드 티
8,11,0,40,우유
9,12,0,20,아이스 카페 아메리카노
7,12,0,20,아이스 카페 아메리카노
9,12,1,20,아이스 카페 아메리카노
8,12,0,30,아이스 카페 아메리카노
9,12,0,20,아이스 카페 아메리카노
9,12,0,30,아이스 카페 아메리카노
7,12,0,30,아이스 카페 아메리카노
9,12,1,10,아이스 카페 아메리카노
9,12,0,20,아이스 카페 아메리카노
9,12,0,20,아이스 카페 아메리카노
7,12,1,10,아이스 카페 아메리카노
7,12,1,30,아이스 카페 아메리카노
8,12,0,30,아이스 카페 아메리카노
8,12,1,10,아이스 카페 아메리카노
9,12,1,30,아이스 카페 아메리카노
7,12,1,20,아이스 카페 아메리카노
9,12,0,30,아이스 카페 아메리카노
7,12,1,50,아이스 카페 아메리카노
9,12,0,50,아이스 카페 아메리카노
9,12,0,40,아이스 카페 아메리카노
8,12,1,30,아이스 카페 아메리카노
8,12,0,20,아이스 카페 아메리카노
8,12,0,20,아이스 카페 아메리카노
7,12,1,20,아이스 카페 아메리카노
9,12,0,40,아이스 카페 아메리카노
9,12,1,30,아이스 카페 아메리카노
9,12,0,10,아이스 카페 아메리카노
8,12,0,10,아이스 카페 아메리카노
8,12,0,40,아이스 카페 아메리카노
8,12,1,30,아이스 카페 아메리카노
8,12,1,10,아이스 카페 아메리카노
8,12,0,20,아이스 카페 아메리카노
7,12,0,30,아이스 카페 아메리카노
8,12,0,10,아이스 카페 아메리카노
9,12,1,20,아이스 카페 아메리카노
9,12,0,30,아이스 카페 라떼
8,12,0,20,아이스 카페 라떼
9,12,0,20,아이스 카페 라떼
8,12,1,20,아이스 카페 라떼
9,12,1,30,아이스 카페 라떼
7,12,0,30,아이스 카페 라떼
9,12,1,10,아이스 카페 라떼
8,12,1,30,아이스 카페 라떼
7,12,1,30,아이스 카페 라떼
8,12,1,20,아이스 카페 라떼
8,12,0,20,아이스 카페 라떼
8,12,0,30,아이스 카페 라떼
8,12,1,50,아이스 카페 라떼
8,12,1,20,아이스 카페 라떼
8,12,1,20,아이스 카페 라떼
7,12,1,20,아이스 카페 라떼
9,12,0,50,아이스 카페 라떼
7,12,1,40,아이스 카페 라떼
7,12,1,30,아이스 카페 라떼
8,12,1,10,아이스 카페 라떼
9,12,1,20,아이스 카페 라떼
8,12,0,30,아이스 카페 라떼
8,12,0,20,아이스 카페 라떼
7,12,1,10,아이스 카페 라떼
9,12,1,30,아이스 카페 라떼
7,12,0,40,아이스 카페 라떼
7,12,0,30,아이스 카페 라떼
9,12,1,40,아이스 카페 라떼
8,12,1,30,아이스 카페 라떼
8,12,1,20,아이스 카페 라떼
8,12,1,30,아이스 카페 라떼
9,12,0,40,딸기 레몬 블렌디드
8,12,1,20,딸기 레몬 블렌디드
7,12,0,30,딸기 레몬 블렌디드
9,12,0,30,딸기 레몬 블렌디드
8,12,1,30,딸기 레몬 블렌디드
9,12,1,20,딸기 레몬 블렌디드
8,12,1,30,딸기 레몬 블렌디드
8,12,0,30,딸기 레몬 블렌디드
9,12,1,30,딸기 레몬 블렌디드
7,12,0,20,딸기 레몬 블렌디드
9,12,0,10,딸기 레몬 블렌디드
8,12,0,30,딸기 레몬 블렌디드
9,12,1,30,딸기 레몬 블렌디드
7,12,0,50,딸기 레몬 블렌디드
7,12,1,30,딸기 레몬 블렌디드
8,12,0,40,딸기 레몬 블렌디드
9,12,0,20,딸기 레몬 블렌디드
7,12,1,10,딸기 레몬 블렌디드
8,12,1,20,딸기 레몬 블렌디드
9,12,1,20,딸기 레몬 블렌디드
9,12,0,30,딸기 레몬 블렌디드
8,12,0,20,딸기 레몬 블렌디드
7,12,1,50,딸기 레몬 블렌디드
7,12,0,30,딸기 레몬 블렌디드
7,12,1,20,딸기 레몬 블렌디드
9,12,1,30,딸기 레몬 블렌디드
9,12,1,30,카페 아메리카노
9,12,0,20,카페 아메리카노
9,12,1,20,카페 아메리카노
7,12,1,30,카페 아메리카노
7,12,1,20,카페 아메리카노
8,12,0,20,카페 아메리카노
7,12,1,20,카페 아메리카노
7,12,0,50,카페 아메리카노
9,12,1,20,카페 아메리카노
8,12,1,30,카페 아메리카노
9,12,0,10,카페 아메리카노
9,12,1,30,카페 아메리카노
9,12,1,30,카페 아메리카노
7,12,1,20,카페 아메리카노
8,12,0,30,카페 아메리카노
8,12,1,40,카페 아메리카노
9,12,1,20,카페 아메리카노
8,12,0,30,카페 아메리카노
8,12,1,20,카페 아메리카노
9,12,1,30,카페 아메리카노
7,12,1,20,카페 아메리카노
9,12,1,20,카페 아메리카노
8,12,1,40,카페 아메리카노
9,12,0,40,카페 아메리카노
8,12,1,10,돌체 카라멜 칩 커피 프라푸치노
9,12,1,20,돌체 카라멜 칩 커피 프라푸치노
8,12,1,20,돌체 카라멜 칩 커피 프라푸치노
9,12,1,30,돌체 카라멜 칩 커피 프라푸치노
7,12,1,20,돌체 카라멜 칩 커피 프라푸치노
8,12,1,40,돌체 카라멜 칩 커피 프라푸치노
8,12,1,30,돌체 카라멜 칩 커피 프라푸치노
9,12,1,30,돌체 카라멜 칩 커피 프라푸치노
7,12,0,30,돌체 카라멜 칩 커피 프라푸치노
8,12,1,20,돌체 카라멜 칩 커피 프라푸치노
8,12,1,30,돌체 카라멜 칩 커피 프라푸치노
9,12,0,30,돌체 카라멜 칩 커피 프라푸치노
7,12,0,20,돌체 카라멜 칩 커피 프라푸치노
9,12,1,20,돌체 카라멜 칩 커피 프라푸치노
8,12,1,40,돌체 카라멜 칩 커피 프라푸치노
8,12,1,30,돌체 카라멜 칩 커피 프라푸치노
9,12,1,40,돌체 카라멜 칩 커피 프라푸치노
8,12,1,20,돌체 카라멜 칩 커피 프라푸치노
8,12,0,40,돌체 카라멜 칩 커피 프라푸치노
7,12,1,30,돌체 카라멜 칩 커피 프라푸치노
9,12,1,20,돌체 콜드 브루
9,12,1,30,돌체 콜드 브루
9,12,0,10,돌체 콜드 브루
9,12,1,20,돌체 콜드 브루
7,12,0,10,돌체 콜드 브루
8,12,1,30,돌체 콜드 브루
7,12,1,10,돌체 콜드 브루
9,12,1,40,돌체 콜드 브루
7,12,0,10,돌체 콜드 브루
8,12,0,30,돌체 콜드 브루
9,12,1,30,돌체 콜드 브루
9,12,0,30,돌체 콜드 브루
8,12,0,50,돌체 콜드 브루
7,12,0,40,돌체 콜드 브루
7,12,0,20,돌체 콜드 브루
9,12,0,50,돌체 콜드 브루
9,12,1,30,아이스 돌체 라떼
8,12,1,30,아이스 돌체 라떼
7,12,1,10,아이스 돌체 라떼
7,12,0,10,아이스 돌체 라떼
8,12,0,40,아이스 돌체 라떼
7,12,1,20,아이스 돌체 라떼
8,12,0,20,아이스 돌체 라떼
9,12,1,30,아이스 돌체 라떼
8,12,1,50,아이스 돌체 라떼
7,12,0,20,아이스 돌체 라떼
8,12,1,20,아이스 돌체 라떼
7,12,1,30,아이스 돌체 라떼
8,12,1,30,콜드 브루
7,12,0,20,콜드 브루
8,12,1,10,콜드 브루
7,12,1,20,콜드 브루
9,12,0,30,콜드 브루
7,12,1,30,콜드 브루
9,12,1,10,바닐라 크림 콜드 브루
9,12,0,10,바닐라 크림 콜드 브루
9,12,1,50,바닐라 크림 콜드 브루
9,12,1,30,바닐라 크림 콜드 브루
9,12,1,40,아이스 카라멜 마키아또
8,12,0,20,아이스 카푸치노
7,12,0,20,카페 모카
9,12,0,10,돌체 라떼
7,12,1,30,돌체 라떼
8,12,0,30,자바 칩 프라푸치노
8,12,0,30,화이트 초콜릿 모카 프라푸치노
8,12,1,30,화이트 초콜릿 모카 프라푸치노
9,12,1,50,바닐라 크림 프라푸치노
7,12,1,30,바닐라 크림 프라푸치노
7,12,0,20,화이트 딸기 크림 프라푸치노
7,12,1,30,망고 패션 프루트 블렌디드
7,12,1,30,망고 바나나 블렌디드
8,12,0,50,얼 그레이 티
9,12,1,40,캐모마일 블렌드 티
9,12,0,20,아이스 히비스커스 블렌드 티
9,12,0,20,제주 유기 녹차
9,12,1,20,아이스 제주 유기 녹차
8,12,0,50,아이스 패션 프루트 티
7,12,0,50,아이스 패션 프루트 티
7,12,1,20,쿨 라임 피지오
7,12,1,20,쿨 라임 피지오
7,13,0,40,아이스 카페 아메리카노
9,13,1,20,아이스 카페 아메리카노
9,13,1,30,아이스 카페 아메리카노
8,13,1,20,아이스 카페 아메리카노
7,13,1,20,아이스 카페 아메리카노
9,13,1,20,아이스 카페 아메리카노
7,13,1,30,아이스 카페 아메리카노
7,13,1,10,아이스 카페 아메리카노
9,13,1,10,아이스 카페 아메리카노
9,13,0,50,아이스 카페 아메리카노
7,13,0,30,아이스 카페 아메리카노
8,13,1,20,아이스 카페 아메리카노
9,13,1,40,아이스 카페 아메리카노
7,13,0,40,아이스 카페 아메리카노
9,13,1,20,아이스 카페 아메리카노
8,13,0,20,아이스 카페 아메리카노
9,13,0,10,아이스 카페 아메리카노
7,13,1,20,아이스 카페 아메리카노
8,13,1,20,아이스 카페 아메리카노
9,13,0,50,아이스 카페 아메리카노
7,13,1,30,아이스 카페 아메리카노
7,13,0,50,아이스 카페 아메리카노
7,13,1,30,아이스 카페 아메리카노
7,13,1,20,아이스 카페 아메리카노
8,13,0,50,아이스 카페 아메리카노
9,13,1,30,아이스 카페 아메리카노
8,13,1,20,아이스 카페 아메리카노
7,13,1,20,아이스 카페 아메리카노
9,13,1,20,아이스 카페 아메리카노
8,13,0,40,아이스 카페 아메리카노
8,13,0,30,아이스 카페 아메리카노
8,13,1,30,아이스 카페 아메리카노
9,13,0,20,아이스 카페 아메리카노
8,13,1,20,아이스 카페 아메리카노
9,13,0,20,아이스 카페 아메리카노
9,13,1,30,아이스 카페 라떼
8,13,1,10,아이스 카페 라떼
9,13,1,40,아이스 카페 라떼
8,13,1,40,아이스 카페 라떼
7,13,1,20,아이스 카페 라떼
9,13,1,10,아이스 카페 라떼
8,13,1,30,아이스 카페 라떼
9,13,0,30,아이스 카페 라떼
9,13,1,20,아이스 카페 라떼
8,13,1,40,아이스 카페 라떼
8,13,0,20,아이스 카페 라떼
7,13,1,50,아이스 카페 라떼
7,13,1,40,아이스 카페 라떼
7,13,0,10,아이스 카페 라떼
7,13,1,50,아이스 카페 라떼
8,13,0,40,아이스 카페 라떼
8,13,0,20,아이스 카페 라떼
7,13,0,40,아이스 카페 라떼
9,13,1,30,아이스 카페 라떼
7,13,1,10,아이스 카페 라떼
8,13,1,30,아이스 카페 라떼
9,13,0,20,아이스 카페 라떼
8,13,1,20,아이스 카페 라떼
7,13,0,30,아이스 카페 라떼
9,13,1,20,아이스 카페 라떼
9,13,1,20,아이스 카페 라떼
8,13,1,30,아이스 카페 라떼
9,13,1,20,아이스 카페 라떼
9,13,0,30,아이스 카페 라떼
9,13,1,30,아이스 카페 라떼
8,13,1,20,아이스 카페 라떼
7,13,1,20,딸기 레몬 블렌디드
9,13,0,10,딸기 레몬 블렌디드
9,13,0,50,딸기 레몬 블렌디드
8,13,0,10,딸기 레몬 블렌디드
8,13,1,30,딸기 레몬 블렌디드
8,13,1,30,딸기 레몬 블렌디드
9,13,1,30,딸기 레몬 블렌디드
8,13,0,50,딸기 레몬 블렌디드
8,13,1,20,딸기 레몬 블렌디드
7,13,0,20,딸기 레몬 블렌디드
8,13,0,20,딸기 레몬 블렌디드
9,13,0,50,딸기 레몬 블렌디드
8,13,1,50,딸기 레몬 블렌디드
8,13,1,50,딸기 레몬 블렌디드
8,13,1,20,딸기 레몬 블렌디드
9,13,1,20,딸기 레몬 블렌디드
7,13,1,40,딸기 레몬 블렌디드
8,13,0,30,딸기 레몬 블렌디드
8,13,1,30,딸기 레몬 블렌디드
8,13,1,30,딸기 레몬 블렌디드
9,13,0,30,딸기 레몬 블렌디드
7,13,1,20,딸기 레몬 블렌디드
8,13,0,20,딸기 레몬 블렌디드
8,13,1,40,딸기 레몬 블렌디드
7,13,0,30,딸기 레몬 블렌디드
8,13,1,30,딸기 레몬 블렌디드
9,13,1,20,딸기 레몬 블렌디드
7,13,1,30,딸기 레몬 블렌디드
7,13,1,40,돌체 카라멜 칩 커피 프라푸치노
7,13,0,50,돌체 카라멜 칩 커피 프라푸치노
9,13,0,30,돌체 카라멜 칩 커피 프라푸치노
9,13,0,30,돌체 카라멜 칩 커피 프라푸치노
8,13,1,30,돌체 카라멜 칩 커피 프라푸치노
8,13,1,20,돌체 카라멜 칩 커피 프라푸치노
7,13,1,10,돌체 카라멜 칩 커피 프라푸치노
9,13,1,20,돌체 카라멜 칩 커피 프라푸치노
8,13,1,50,돌체 카라멜 칩 커피 프라푸치노
8,13,1,30,돌체 카라멜 칩 커피 프라푸치노
8,13,1,30,돌체 카라멜 칩 커피 프라푸치노
7,13,1,30,돌체 카라멜 칩 커피 프라푸치노
9,13,1,10,돌체 카라멜 칩 커피 프라푸치노
8,13,0,40,돌체 카라멜 칩 커피 프라푸치노
8,13,0,20,돌체 카라멜 칩 커피 프라푸치노
7,13,1,20,돌체 카라멜 칩 커피 프라푸치노
7,13,1,20,돌체 카라멜 칩 커피 프라푸치노
9,13,0,30,돌체 카라멜 칩 커피 프라푸치노
7,13,1,30,돌체 카라멜 칩 커피 프라푸치노
9,13,0,30,돌체 카라멜 칩 커피 프라푸치노
9,13,0,20,돌체 카라멜 칩 커피 프라푸치노
7,13,0,30,돌체 카라멜 칩 커피 프라푸치노
7,13,0,40,돌체 콜드 브루
9,13,0,20,돌체 콜드 브루
7,13,0,30,돌체 콜드 브루
7,13,1,40,돌체 콜드 브루
9,13,1,10,돌체 콜드 브루
7,13,1,20,돌체 콜드 브루
8,13,0,50,돌체 콜드 브루
7,13,0,30,돌체 콜드 브루
7,13,0,30,돌체 콜드 브루
9,13,0,30,돌체 콜드 브루
7,13,1,30,돌체 콜드 브루
8,13,0,30,돌체 콜드 브루
7,13,0,30,돌체 콜드 브루
9,13,1,50,돌체 콜드 브루
9,13,1,20,돌체 콜드 브루
8,13,1,20,돌체 콜드 브루
7,13,0,20,돌체 콜드 브루
9,13,1,30,돌체 콜드 브루
8,13,0,10,카페 아메리카노
8,13,1,30,카페 아메리카노
8,13,1,10,카페 아메리카노
7,13,0,20,카페 아메리카노
8,13,1,10,카페 아메리카노
7,13,1,20,카페 아메리카노
8,13,1,30,카페 아메리카노
8,13,1,30,카페 아메리카노
7,13,1,20,카페 아메리카노
8,13,0,10,카페 아메리카노
8,13,1,10,카페 아메리카노
9,13,0,30,카페 아메리카노
8,13,0,30,카페 아메리카노
8,13,1,40,카페 아메리카노
9,13,1,30,카페 아메리카노
7,13,0,30,카페 아메리카노
7,13,1,10,콜드 브루
9,13,1,40,콜드 브루
7,13,0,10,콜드 브루
8,13,0,50,콜드 브루
9,13,0,30,콜드 브루
9,13,1,50,콜드 브루
7,13,1,20,콜드 브루
8,13,1,20,콜드 브루
8,13,1,40,콜드 브루
8,13,1,30,콜드 브루
9,13,1,30,아이스 돌체 라떼
8,13,1,30,아이스 돌체 라떼
7,13,1,30,아이스 돌체 라떼
9,13,1,30,아이스 돌체 라떼
7,13,0,40,아이스 돌체 라떼
7,13,1,20,아이스 돌체 라떼
8,13,1,40,아이스 돌체 라떼
9,13,0,30,아이스 자몽 허니 블랙 티
9,13,1,20,아이스 자몽 허니 블랙 티
8,13,0,30,아이스 자몽 허니 블랙 티
9,13,0,20,아이스 자몽 허니 블랙 티
9,13,0,20,아이스 디카페인 카페 아메리카노
8,13,1,10,아이스 카페 모카
8,13,1,30,아이스 카페 모카
7,13,0,20,아이스 화이트 초콜릿 모카
8,13,0,30,아이스 화이트 초콜릿 모카
9,13,1,30,바닐라 크림 콜드 브루
9,13,0,30,나이트로 콜드 브루
7,13,1,20,바닐라 빈 라떼
7,13,1,30,바닐라 빈 라떼
9,13,0,10,아이스 바닐라 빈 라떼
9,13,0,20,에스프레소 프라푸치노
9,13,0,30,에스프레소 프라푸치노
8,13,1,30,카라멜 프라푸치노
8,13,1,50,카라멜 프라푸치노
9,13,1,20,초콜릿 크림 칩 프라푸치노
7,13,1,20,화이트 딸기 크림 프라푸치노
7,13,1,20,화이트 딸기 크림 프라푸치노
9,13,1,20,망고 패션 프루트 블렌디드
9,13,0,50,망고 바나나 블렌디드
8,13,1,30,민트 초콜릿 칩 블렌디드
8,13,1,30,민트 초콜릿 칩 블렌디드
8,13,0,30,아이스 라임 패션 티
8,13,1,20,민트 블렌드 티
9,13,1,20,민트 블렌드 티
8,13,0,30,얼 그레이 티
7,13,1,20,얼 그레이 티
8,13,1,20,아이스 캐모마일 블렌드 티
8,13,1,30,히비스커스 블렌드 티
9,13,1,30,히비스커스 블렌드 티
7,13,1,20,잉글리쉬 브렉퍼스트 티
9,13,0,30,잉글리쉬 브렉퍼스트 티
9,13,1,30,파인애플 선셋 아이스티
9,14,0,20,아이스 카페 아메리카노
7,14,1,50,아이스 카페 아메리카노
9,14,1,30,아이스 카페 아메리카노
8,14,0,20,아이스 카페 아메리카노
8,14,1,10,아이스 카페 아메리카노
8,14,0,20,아이스 카페 아메리카노
8,14,0,20,아이스 카페 아메리카노
8,14,0,30,아이스 카페 아메리카노
7,14,1,30,아이스 카페 아메리카노
8,14,0,30,아이스 카페 아메리카노
7,14,1,30,아이스 카페 아메리카노
8,14,0,20,아이스 카페 아메리카노
8,14,1,10,아이스 카페 아메리카노
7,14,0,30,아이스 카페 아메리카노
8,14,1,10,아이스 카페 아메리카노
7,14,0,20,아이스 카페 아메리카노
8,14,0,30,아이스 카페 아메리카노
7,14,1,50,아이스 카페 아메리카노
7,14,0,20,아이스 카페 아메리카노
7,14,1,30,아이스 카페 아메리카노
9,14,0,20,아이스 카페 아메리카노
8,14,1,30,아이스 카페 아메리카노
9,14,1,30,아이스 카페 아메리카노
7,14,1,30,아이스 카페 아메리카노
8,14,0,30,아이스 카페 아메리카노
9,14,1,30,아이스 카페 아메리카노
8,14,1,40,아이스 카페 아메리카노
7,14,1,40,아이스 카페 아메리카노
7,14,1,10,아이스 카페 아메리카노
7,14,0,50,아이스 카페 아메리카노
7,14,1,10,아이스 카페 아메리카노
9,14,1,50,아이스 카페 아메리카노
7,14,1,20,아이스 카페 아메리카노
7,14,1,50,아이스 카페 아메리카노
7,14,1,20,아이스 카페 라떼
7,14,1,20,아이스 카페 라떼
8,14,0,10,아이스 카페 라떼
7,14,0,30,아이스 카페 라떼
8,14,1,10,아이스 카페 라떼
9,14,0,10,아이스 카페 라떼
7,14,1,30,아이스 카페 라떼
7,14,1,50,아이스 카페 라떼
8,14,0,30,아이스 카페 라떼
7,14,0,30,아이스 카페 라떼
9,14,1,30,아이스 카페 라떼
9,14,1,20,아이스 카페 라떼
7,14,1,30,아이스 카페 라떼
9,14,1,20,아이스 카페 라떼
8,14,1,30,아이스 카페 라떼
7,14,0,40,아이스 카페 라떼
8,14,0,20,아이스 카페 라떼
7,14,0,40,아이스 카페 라떼
7,14,0,30,아이스 카페 라떼
9,14,1,40,아이스 카페 라떼
9,14,1,50,아이스 카페 라떼
9,14,1,30,아이스 카페 라떼
9,14,0,30,아이스 카페 라떼
9,14,1,10,아이스 카페 라떼
8,14,0,50,아이스 카페 라떼
8,14,0,40,아이스 카페 라떼
9,14,1,30,아이스 카페 라떼
8,14,0,20,아이스 카페 라떼
7,14,1,40,아이스 카페 라떼
9,14,0,30,아이스 카페 라떼
7,14,1,30,아이스 자몽 허니 블랙 티
7,14,1,40,아이스 자몽 허니 블랙 티
7,14,0,50,아이스 자몽 허니 블랙 티
8,14,0,20,아이스 자몽 허니 블랙 티
9,14,0,30,아이스 자몽 허니 블랙 티
7,14,0,20,아이스 자몽 허니 블랙 티
7,14,0,30,아이스 자몽 허니 블랙 티
8,14,1,30,아이스 자몽 허니 블랙 티
7,14,1,20,아이스 자몽 허니 블랙 티
9,14,0,30,아이스 자몽 허니 블랙 티
7,14,1,20,아이스 자몽 허니 블랙 티
8,14,1,30,아이스 자몽 허니 블랙 티
9,14,1,50,아이스 자몽 허니 블랙 티
8,14,1,10,아이스 자몽 허니 블랙 티
9,14,1,20,아이스 자몽 허니 블랙 티
8,14,1,50,아이스 자몽 허니 블랙 티
7,14,1,30,아이스 자몽 허니 블랙 티
8,14,1,30,아이스 자몽 허니 블랙 티
9,14,1,20,아이스 자몽 허니 블랙 티
8,14,0,20,아이스 자몽 허니 블랙 티
9,14,1,30,아이스 자몽 허니 블랙 티
8,14,0,30,아이스 자몽 허니 블랙 티
8,14,1,20,아이스 자몽 허니 블랙 티
7,14,1,40,아이스 자몽 허니 블랙 티
8,14,0,40,아이스 자몽 허니 블랙 티
9,14,1,20,아이스 자몽 허니 블랙 티
9,14,0,10,아이스 자몽 허니 블랙 티
9,14,0,50,아이스 자몽 허니 블랙 티
7,14,0,40,딸기 레몬 블렌디드
9,14,1,40,딸기 레몬 블렌디드
9,14,1,30,딸기 레몬 블렌디드
7,14,0,30,딸기 레몬 블렌디드
8,14,0,30,딸기 레몬 블렌디드
9,14,0,50,딸기 레몬 블렌디드
8,14,1,30,딸기 레몬 블렌디드
7,14,1,10,딸기 레몬 블렌디드
8,14,1,30,딸기 레몬 블렌디드
7,14,1,20,딸기 레몬 블렌디드
8,14,0,30,딸기 레몬 블렌디드
8,14,0,10,딸기 레몬 블렌디드
8,14,0,20,딸기 레몬 블렌디드
9,14,1,30,딸기 레몬 블렌디드
7,14,0,30,딸기 레몬 블렌디드
9,14,1,40,딸기 레몬 블렌디드
9,14,1,40,딸기 레몬 블렌디드
7,14,0,20,딸기 레몬 블렌디드
9,14,1,40,딸기 레몬 블렌디드
8,14,0,20,딸기 레몬 블렌디드
7,14,0,10,딸기 레몬 블렌디드
9,14,1,30,딸기 레몬 블렌디드
8,14,1,20,딸기 레몬 블렌디드
9,14,1,40,돌체 카라멜 칩 커피 프라푸치노
9,14,0,30,돌체 카라멜 칩 커피 프라푸치노
8,14,1,40,돌체 카라멜 칩 커피 프라푸치노
9,14,0,30,돌체 카라멜 칩 커피 프라푸치노
7,14,0,40,돌체 카라멜 칩 커피 프라푸치노
9,14,1,10,돌체 카라멜 칩 커피 프라푸치노
8,14,0,10,돌체 카라멜 칩 커피 프라푸치노
7,14,1,30,돌체 카라멜 칩 커피 프라푸치노
7,14,1,30,돌체 카라멜 칩 커피 프라푸치노
7,14,1,30,돌체 카라멜 칩 커피 프라푸치노
9,14,1,50,돌체 카라멜 칩 커피 프라푸치노
9,14,1,30,돌체 카라멜 칩 커피 프라푸치노
8,14,0,40,돌체 카라멜 칩 커피 프라푸치노
9,14,0,50,돌체 카라멜 칩 커피 프라푸치노
8,14,1,50,돌체 카라멜 칩 커피 프라푸치노
8,14,1,20,돌체 카라멜 칩 커피 프라푸치노
8,14,1,40,돌체 카라멜 칩 커피 프라푸치노
7,14,0,50,돌체 카라멜 칩 커피 프라푸치노
8,14,0,30,딸기 딜라이트 요거트 블렌디드
8,14,1,30,딸기 딜라이트 요거트 블렌디드
9,14,1,30,딸기 딜라이트 요거트 블렌디드
7,14,1,30,딸기 딜라이트 요거트 블렌디드
9,14,1,30,딸기 딜라이트 요거트 블렌디드
9,14,1,20,딸기 딜라이트 요거트 블렌디드
8,14,1,20,딸기 딜라이트 요거트 블렌디드
9,14,1,20,딸기 딜라이트 요거트 블렌디드
7,14,0,10,딸기 딜라이트 요거트 블렌디드
7,14,1,50,딸기 딜라이트 요거트 블렌디드
9,14,1,50,딸기 딜라이트 요거트 블렌디드
7,14,1,20,딸기 딜라이트 요거트 블렌디드
8,14,0,30,딸기 딜라이트 요거트 블렌디드
7,14,0,30,딸기 딜라이트 요거트 블렌디드
8,14,1,20,딸기 딜라이트 요거트 블렌디드
8,14,1,30,딸기 딜라이트 요거트 블렌디드
8,14,1,10,아이스 돌체 라떼
7,14,1,50,아이스 돌체 라떼
9,14,1,40,아이스 돌체 라떼
8,14,0,20,아이스 돌체 라떼
8,14,0,10,아이스 돌체 라떼
7,14,0,40,아이스 돌체 라떼
8,14,1,10,아이스 돌체 라떼
9,14,0,10,아이스 돌체 라떼
9,14,1,20,아이스 돌체 라떼
8,14,0,20,아이스 돌체 라떼
9,14,1,30,아이스 돌체 라떼
7,14,1,10,콜드 브루
8,14,1,30,콜드 브루
8,14,0,10,콜드 브루
8,14,0,30,콜드 브루
8,14,1,10,콜드 브루
7,14,1,20,콜드 브루
7,14,1,20,콜드 브루
7,14,1,30,바닐라 크림 콜드 브루
7,14,1,40,바닐라 크림 콜드 브루
9,14,1,30,바닐라 크림 콜드 브루
9,14,1,20,아이스 카라멜 마키아또
9,14,1,30,아이스 카라멜 마키아또
8,14,0,20,카푸치노
7,14,1,20,나이트로 콜드 브루
8,14,0,30,돌체 라떼
7,14,1,20,돌체 라떼
7,14,1,20,자바 칩 프라푸치노
8,14,1,30,초콜릿 크림 칩 프라푸치노
8,14,0,40,민트 초콜릿 칩 블렌디드
8,14,1,50,아이스 라임 패션 티
9,14,0,50,아이스 라임 패션 티
9,14,0,30,아이스 얼 그레이 티
8,14,1,30,아이스 얼 그레이 티
7,14,0,50,아이스 유자 민트 티
9,14,1,30,아이스 히비스커스 블렌드 티
9,14,1,30,자몽 허니 블랙 티
9,14,0,10,자몽 허니 블랙 티
7,14,0,20,패션 프루트 티
8,14,1,10,잉글리쉬 브렉퍼스트 티
9,14,0,20,우유
9,15,0,20,아이스 카페 아메리카노
9,15,0,40,아이스 카페 아메리카노
9,15,1,50,아이스 카페 아메리카노
7,15,1,30,아이스 카페 아메리카노
8,15,1,40,아이스 카페 아메리카노
9,15,0,20,아이스 카페 아메리카노
9,15,1,30,아이스 카페 아메리카노
7,15,1,20,아이스 카페 아메리카노
8,15,0,50,아이스 카페 아메리카노
8,15,0,20,아이스 카페 아메리카노
7,15,1,20,아이스 카페 아메리카노
8,15,0,20,아이스 카페 아메리카노
8,15,0,20,아이스 카페 아메리카노
7,15,1,20,아이스 카페 아메리카노
9,15,0,30,아이스 카페 아메리카노
8,15,0,20,아이스 카페 아메리카노
7,15,0,20,아이스 카페 아메리카노
8,15,1,50,아이스 카페 아메리카노
8,15,1,30,아이스 카페 아메리카노
9,15,1,30,아이스 카페 아메리카노
8,15,1,30,아이스 카페 아메리카노
9,15,0,50,아이스 카페 아메리카노
8,15,1,50,아이스 카페 아메리카노
7,15,1,20,아이스 카페 아메리카노
7,15,0,30,아이스 카페 아메리카노
9,15,1,20,아이스 카페 아메리카노
9,15,0,50,아이스 카페 아메리카노
9,15,0,20,아이스 카페 아메리카노
7,15,1,20,아이스 카페 아메리카노
8,15,1,10,아이스 카페 아메리카노
9,15,1,30,아이스 카페 아메리카노
7,15,1,30,아이스 카페 아메리카노
8,15,0,10,아이스 카페 아메리카노
7,15,1,10,아이스 카페 아메리카노
9,15,1,30,아이스 카페 아메리카노
7,15,0,20,아이스 카페 아메리카노
8,15,1,20,아이스 카페 라떼
7,15,0,10,아이스 카페 라떼
7,15,0,40,아이스 카페 라떼
9,15,0,20,아이스 카페 라떼
8,15,0,30,아이스 카페 라떼
7,15,0,20,아이스 카페 라떼
9,15,1,30,아이스 카페 라떼
9,15,1,30,아이스 카페 라떼
7,15,0,30,아이스 카페 라떼
7,15,1,30,아이스 카페 라떼
8,15,1,10,아이스 카페 라떼
7,15,1,30,아이스 카페 라떼
7,15,0,50,아이스 카페 라떼
7,15,0,10,아이스 카페 라떼
9,15,1,50,아이스 카페 라떼
7,15,0,10,아이스 카페 라떼
7,15,1,10,아이스 카페 라떼
8,15,1,50,아이스 카페 라떼
9,15,1,20,아이스 카페 라떼
8,15,1,20,아이스 카페 라떼
7,15,0,20,아이스 카페 라떼
7,15,0,30,아이스 카페 라떼
9,15,0,30,아이스 카페 라떼
7,15,0,20,아이스 카페 라떼
9,15,1,40,아이스 카페 라떼
9,15,1,20,아이스 카페 라떼
7,15,0,20,아이스 카페 라떼
9,15,1,50,아이스 카페 라떼
9,15,0,30,아이스 카페 라떼
9,15,1,10,아이스 카페 라떼
7,15,0,30,아이스 카페 라떼
8,15,1,40,딸기 레몬 블렌디드
7,15,1,30,딸기 레몬 블렌디드
7,15,0,30,딸기 레몬 블렌디드
9,15,1,10,딸기 레몬 블렌디드
7,15,1,30,딸기 레몬 블렌디드
7,15,0,20,딸기 레몬 블렌디드
8,15,1,10,딸기 레몬 블렌디드
7,15,1,30,딸기 레몬 블렌디드
8,15,0,20,딸기 레몬 블렌디드
8,15,0,30,딸기 레몬 블렌디드
8,15,0,40,딸기 레몬 블렌디드
9,15,0,20,딸기 레몬 블렌디드
8,15,0,20,딸기 레몬 블렌디드
8,15,1,30,딸기 레몬 블렌디드
8,15,0,20,딸기 레몬 블렌디드
8,15,1,30,딸기 레몬 블렌디드
9,15,1,20,딸기 레몬 블렌디드
7,15,0,30,딸기 레몬 블렌디드
8,15,0,50,딸기 레몬 블렌디드
8,15,0,30,딸기 레몬 블렌디드
7,15,1,20,딸기 레몬 블렌디드
7,15,1,10,딸기 레몬 블렌디드
7,15,0,30,딸기 레몬 블렌디드
7,15,0,10,딸기 레몬 블렌디드
7,15,0,30,딸기 레몬 블렌디드
7,15,1,20,딸기 레몬 블렌디드
9,15,1,50,딸기 레몬 블렌디드
7,15,1,20,딸기 레몬 블렌디드
7,15,1,40,아이스 자몽 허니 블랙 티
9,15,0,40,아이스 자몽 허니 블랙 티
7,15,1,30,아이스 자몽 허니 블랙 티
9,15,0,30,아이스 자몽 허니 블랙 티
8,15,1,30,아이스 자몽 허니 블랙 티
7,15,1,30,아이스 자몽 허니 블랙 티
9,15,1,30,아이스 자몽 허니 블랙 티
7,15,0,40,아이스 자몽 허니 블랙 티
9,15,1,10,아이스 자몽 허니 블랙 티
9,15,1,50,아이스 자몽 허니 블랙 티
9,15,0,20,아이스 자몽 허니 블랙 티
9,15,0,10,아이스 자몽 허니 블랙 티
7,15,0,20,아이스 자몽 허니 블랙 티
7,15,0,30,아이스 자몽 허니 블랙 티
7,15,1,20,아이스 자몽 허니 블랙 티
7,15,1,10,아이스 자몽 허니 블랙 티
8,15,0,40,아이스 자몽 허니 블랙 티
9,15,1,20,아이스 자몽 허니 블랙 티
9,15,0,20,아이스 자몽 허니 블랙 티
8,15,0,20,아이스 자몽 허니 블랙 티
8,15,1,40,아이스 자몽 허니 블랙 티
8,15,1,20,아이스 자몽 허니 블랙 티
8,15,1,30,돌체 콜드 브루
9,15,0,30,돌체 콜드 브루
9,15,0,30,돌체 콜드 브루
9,15,0,10,돌체 콜드 브루
8,15,0,30,돌체 콜드 브루
7,15,1,30,돌체 콜드 브루
7,15,1,30,돌체 콜드 브루
9,15,0,20,돌체 콜드 브루
8,15,0,30,돌체 콜드 브루
8,15,0,10,돌체 콜드 브루
7,15,1,20,돌체 콜드 브루
9,15,0,20,돌체 콜드 브루
9,15,1,30,돌체 콜드 브루
8,15,0,10,돌체 콜드 브루
9,15,1,30,돌체 콜드 브루
9,15,1,30,돌체 콜드 브루
9,15,1,30,돌체 콜드 브루
8,15,0,50,돌체 콜드 브루
7,15,1,30,돌체 콜드 브루
9,15,0,20,딸기 딜라이트 요거트 블렌디드
7,15,0,20,딸기 딜라이트 요거트 블렌디드
9,15,0,30,딸기 딜라이트 요거트 블렌디드
7,15,1,50,딸기 딜라이트 요거트 블렌디드
7,15,1,10,딸기 딜라이트 요거트 블렌디드
9,15,1,50,딸기 딜라이트 요거트 블렌디드
9,15,1,10,딸기 딜라이트 요거트 블렌디드
7,15,1,20,딸기 딜라이트 요거트 블렌디드
7,15,0,30,딸기 딜라이트 요거트 블렌디드
8,15,1,20,딸기 딜라이트 요거트 블렌디드
8,15,1,30,딸기 딜라이트 요거트 블렌디드
9,15,1,20,딸기 딜라이트 요거트 블렌디드
7,15,0,20,딸기 딜라이트 요거트 블렌디드
7,15,0,30,딸기 딜라이트 요거트 블렌디드
7,15,0,30,딸기 딜라이트 요거트 블렌디드
9,15,0,30,아이스 돌체 라떼
8,15,1,20,아이스 돌체 라떼
9,15,1,20,아이스 돌체 라떼
7,15,0,40,아이스 돌체 라떼
7,15,0,20,아이스 돌체 라떼
9,15,1,50,아이스 돌체 라떼
7,15,1,10,아이스 돌체 라떼
7,15,1,30,아이스 돌체 라떼
8,15,1,10,아이스 돌체 라떼
8,15,1,40,아이스 돌체 라떼
8,15,0,30,아이스 돌체 라떼
7,15,1,10,돌체 카라멜 칩 커피 프라푸치노
7,15,0,20,돌체 카라멜 칩 커피 프라푸치노
8,15,0,40,돌체 카라멜 칩 커피 프라푸치노
8,15,1,10,돌체 카라멜 칩 커피 프라푸치노
9,15,1,40,돌체 카라멜 칩 커피 프라푸치노
7,15,1,20,돌체 카라멜 칩 커피 프라푸치노
7,15,0,30,콜드 브루
9,15,0,30,콜드 브루
8,15,1,30,카페 아메리카노
7,15,1,50,카페 아메리카노
9,15,1,10,카페 모카
9,15,0,20,화이트 초콜릿 모카
9,15,1,50,화이트 초콜릿 모카
8,15,1,20,아이스 화이트 초콜릿 모카
7,15,0,30,바닐라 크림 콜드 브루
8,15,1,30,나이트로 콜드 브루
7,15,0,30,돌체 라떼
9,15,1,10,돌체 라떼
9,15,0,30,모카 프라푸치노
7,15,0,30,바닐라 크림 프라푸치노
7,15,1,30,라임 패션 티
8,15,1,10,라임 패션 티
8,15,1,20,아이스 라임 패션 티
7,15,1,30,아이스 라임 패션 티
7,15,1,20,민트 블렌드 티
7,15,0,10,아이스 민트 블렌드 티
9,15,0,30,아이스 얼 그레이 티
7,15,1,20,아이스 캐모마일 블렌드 티
7,15,0,30,아이스 제주 유기 녹차
7,15,1,50,자몽 허니 블랙 티
9,16,0,30,아이스 카페 아메리카노
8,16,0,20,아이스 카페 아메리카노
8,16,0,20,아이스 카페 아메리카노
9,16,1,40,아이스 카페 아메리카노
8,16,1,20,아이스 카페 아메리카노
9,16,1,30,아이스 카페 아메리카노
8,16,1,20,아이스 카페 아메리카노
7,16,0,20,아이스 카페 아메리카노
7,16,1,30,아이스 카페 아메리카노
7,16,0,10,아이스 카페 아메리카노
9,16,0,20,아이스 카페 아메리카노
9,16,0,30,아이스 카페 아메리카노
9,16,1,20,아이스 카페 아메리카노
7,16,0,20,아이스 카페 아메리카노
7,16,0,30,아이스 카페 아메리카노
9,16,1,30,아이스 카페 아메리카노
8,16,0,40,아이스 카페 아메리카노
7,16,1,30,아이스 카페 아메리카노
7,16,0,30,아이스 카페 아메리카노
9,16,0,30,아이스 카페 아메리카노
7,16,1,30,아이스 카페 아메리카노
7,16,0,20,아이스 카페 아메리카노
7,16,0,30,아이스 카페 아메리카노
9,16,1,30,아이스 카페 아메리카노
7,16,1,40,아이스 카페 아메리카노
8,16,0,30,아이스 카페 아메리카노
8,16,1,30,아이스 카페 아메리카노
7,16,0,20,아이스 카페 아메리카노
8,16,0,30,아이스 카페 아메리카노
8,16,1,20,아이스 카페 아메리카노
7,16,1,30,아이스 카페 아메리카노
7,16,1,20,아이스 카페 아메리카노
9,16,0,30,아이스 카페 아메리카노
8,16,1,30,아이스 카페 아메리카노
7,16,0,20,아이스 카페 아메리카노
8,16,0,10,아이스 카페 아메리카노
7,16,1,30,아이스 카페 라떼
8,16,0,50,아이스 카페 라떼
9,16,0,30,아이스 카페 라떼
7,16,1,50,아이스 카페 라떼
8,16,0,30,아이스 카페 라떼
8,16,1,30,아이스 카페 라떼
7,16,1,30,아이스 카페 라떼
7,16,0,40,아이스 카페 라떼
8,16,0,10,아이스 카페 라떼
8,16,1,30,아이스 카페 라떼
9,16,1,30,아이스 카페 라떼
8,16,1,20,아이스 카페 라떼
9,16,1,20,아이스 카페 라떼
9,16,0,30,아이스 카페 라떼
8,16,1,50,아이스 카페 라떼
9,16,0,40,아이스 카페 라떼
9,16,1,50,아이스 카페 라떼
7,16,1,40,아이스 카페 라떼
8,16,0,30,아이스 카페 라떼
8,16,0,30,아이스 카페 라떼
9,16,1,10,아이스 카페 라떼
7,16,0,40,아이스 카페 라떼
8,16,1,30,아이스 카페 라떼
9,16,1,40,아이스 카페 라떼
8,16,1,50,아이스 카페 라떼
9,16,1,10,아이스 카페 라떼
7,16,0,30,아이스 카페 라떼
9,16,1,20,아이스 카페 라떼
8,16,1,10,아이스 카페 라떼
9,16,1,10,아이스 카페 라떼
9,16,0,10,아이스 카페 라떼
7,16,0,20,아이스 카페 라떼
8,16,1,40,딸기 레몬 블렌디드
8,16,0,20,딸기 레몬 블렌디드
9,16,0,30,딸기 레몬 블렌디드
9,16,0,30,딸기 레몬 블렌디드
8,16,1,30,딸기 레몬 블렌디드
9,16,1,40,딸기 레몬 블렌디드
9,16,1,20,딸기 레몬 블렌디드
7,16,1,30,딸기 레몬 블렌디드
8,16,0,30,딸기 레몬 블렌디드
7,16,1,20,딸기 레몬 블렌디드
7,16,1,40,딸기 레몬 블렌디드
8,16,1,20,딸기 레몬 블렌디드
9,16,1,20,딸기 레몬 블렌디드
7,16,0,50,딸기 레몬 블렌디드
7,16,1,30,딸기 레몬 블렌디드
9,16,0,10,딸기 레몬 블렌디드
7,16,1,50,딸기 레몬 블렌디드
8,16,1,50,딸기 레몬 블렌디드
7,16,1,20,딸기 레몬 블렌디드
7,16,1,10,딸기 레몬 블렌디드
9,16,1,20,딸기 레몬 블렌디드
9,16,0,10,딸기 레몬 블렌디드
8,16,0,10,딸기 레몬 블렌디드
7,16,0,50,딸기 레몬 블렌디드
9,16,1,30,딸기 레몬 블렌디드
8,16,1,50,딸기 레몬 블렌디드
7,16,1,30,딸기 레몬 블렌디드
8,16,0,30,아이스 자몽 허니 블랙 티
8,16,1,10,아이스 자몽 허니 블랙 티
8,16,0,40,아이스 자몽 허니 블랙 티
8,16,1,20,아이스 자몽 허니 블랙 티
7,16,1,30,아이스 자몽 허니 블랙 티
8,16,0,10,아이스 자몽 허니 블랙 티
9,16,0,40,아이스 자몽 허니 블랙 티
9,16,0,30,아이스 자몽 허니 블랙 티
7,16,1,20,아이스 자몽 허니 블랙 티
8,16,1,50,아이스 자몽 허니 블랙 티
7,16,0,30,아이스 자몽 허니 블랙 티
7,16,1,20,아이스 자몽 허니 블랙 티
7,16,0,30,아이스 자몽 허니 블랙 티
9,16,0,20,아이스 자몽 허니 블랙 티
8,16,1,30,아이스 자몽 허니 블랙 티
7,16,0,20,아이스 자몽 허니 블랙 티
7,16,0,10,아이스 자몽 허니 블랙 티
8,16,0,20,아이스 자몽 허니 블랙 티
9,16,1,50,아이스 자몽 허니 블랙 티
8,16,1,20,아이스 자몽 허니 블랙 티
8,16,1,30,아이스 자몽 허니 블랙 티
8,16,1,30,아이스 자몽 허니 블랙 티
7,16,1,20,아이스 자몽 허니 블랙 티
9,16,0,20,딸기 딜라이트 요거트 블렌디드
7,16,1,20,딸기 딜라이트 요거트 블렌디드
7,16,0,30,딸기 딜라이트 요거트 블렌디드
9,16,1,20,딸기 딜라이트 요거트 블렌디드
7,16,1,20,딸기 딜라이트 요거트 블렌디드
8,16,1,20,딸기 딜라이트 요거트 블렌디드
9,16,1,40,딸기 딜라이트 요거트 블렌디드
8,16,1,30,딸기 딜라이트 요거트 블렌디드
9,16,1,10,딸기 딜라이트 요거트 블렌디드
7,16,1,50,딸기 딜라이트 요거트 블렌디드
9,16,0,30,딸기 딜라이트 요거트 블렌디드
7,16,1,40,딸기 딜라이트 요거트 블렌디드
9,16,1,20,딸기 딜라이트 요거트 블렌디드
8,16,1,40,딸기 딜라이트 요거트 블렌디드
9,16,1,50,딸기 딜라이트 요거트 블렌디드
7,16,0,50,딸기 딜라이트 요거트 블렌디드
7,16,1,50,딸기 딜라이트 요거트 블렌디드
7,16,1,20,딸기 딜라이트 요거트 블렌디드
9,16,1,10,파인애플 선셋 아이스티
9,16,0,10,파인애플 선셋 아이스티
9,16,0,10,파인애플 선셋 아이스티
9,16,0,20,파인애플 선셋 아이스티
9,16,1,50,파인애플 선셋 아이스티
8,16,1,20,파인애플 선셋 아이스티
7,16,0,40,파인애플 선셋 아이스티
9,16,0,50,파인애플 선셋 아이스티
7,16,0,10,파인애플 선셋 아이스티
9,16,1,20,파인애플 선셋 아이스티
8,16,1,20,파인애플 선셋 아이스티
7,16,0,20,파인애플 선셋 아이스티
9,16,1,30,파인애플 선셋 아이스티
9,16,1,30,파인애플 선셋 아이스티
7,16,1,30,아이스 디카페인 카페 아메리카노
8,16,1,10,아이스 디카페인 카페 아메리카노
7,16,0,20,아이스 디카페인 카페 아메리카노
8,16,1,20,아이스 디카페인 카페 아메리카노
9,16,0,20,아이스 디카페인 카페 아메리카노
7,16,0,40,아이스 디카페인 카페 아메리카노
7,16,1,20,아이스 디카페인 카페 아메리카노
9,16,1,30,아이스 디카페인 카페 아메리카노
8,16,0,30,아이스 디카페인 카페 아메리카노
8,16,1,30,아이스 디카페인 카페 아메리카노
9,16,0,40,아이스 디카페인 카페 아메리카노
8,16,1,30,돌체 콜드 브루
8,16,0,40,돌체 콜드 브루
8,16,1,40,돌체 콜드 브루
9,16,0,40,돌체 콜드 브루
7,16,0,20,돌체 콜드 브루
7,16,1,20,돌체 콜드 브루
8,16,1,40,돌체 카라멜 칩 커피 프라푸치노
8,16,1,40,돌체 카라멜 칩 커피 프라푸치노
9,16,1,10,돌체 카라멜 칩 커피 프라푸치노
7,16,1,40,카페 아메리카노
7,16,0,30,카페 아메리카노
9,16,1,30,아이스 카푸치노
7,16,0,20,아이스 카푸치노
8,16,1,30,카페 모카
7,16,1,20,돌체 라떼
9,16,1,20,돌체 라떼
7,16,1,30,에스프레소
7,16,1,30,에스프레소
9,16,1,30,자바 칩 프라푸치노
7,16,1,20,화이트 초콜릿 모카 프라푸치노
7,16,1,20,바닐라 크림 프라푸치노
7,16,1,10,바닐라 크림 프라푸치노
9,16,0,50,아이스 민트 블렌드 티
7,16,0,20,아이스 얼 그레이 티
8,16,0,20,아이스 얼 그레이 티
8,16,1,50,캐모마일 블렌드 티
7,16,0,40,캐모마일 블렌드 티
7,16,1,10,아이스 히비스커스 블렌드 티
7,16,1,50,패션 프루트 티
9,16,1,30,패션 프루트 티
9,16,0,20,잉글리쉬 브렉퍼스트 티
9,17,1,30,아이스 카페 아메리카노
8,17,1,30,아이스 카페 아메리카노
7,17,0,20,아이스 카페 아메리카노
7,17,0,20,아이스 카페 아메리카노
9,17,1,20,아이스 카페 아메리카노
7,17,1,20,아이스 카페 아메리카노
9,17,0,20,아이스 카페 아메리카노
9,17,0,20,아이스 카페 아메리카노
9,17,0,50,아이스 카페 아메리카노
7,17,0,20,아이스 카페 아메리카노
7,17,1,30,아이스 카페 아메리카노
9,17,0,30,아이스 카페 아메리카노
9,17,0,10,아이스 카페 아메리카노
9,17,1,10,아이스 카페 아메리카노
9,17,0,20,아이스 카페 아메리카노
8,17,0,40,아이스 카페 아메리카노
7,17,1,20,아이스 카페 아메리카노
9,17,0,20,아이스 카페 아메리카노
7,17,1,20,아이스 카페 아메리카노
8,17,1,40,아이스 카페 아메리카노
9,17,1,30,아이스 카페 아메리카노
8,17,0,20,아이스 카페 아메리카노
8,17,1,50,아이스 카페 아메리카노
9,17,0,50,아이스 카페 아메리카노
9,17,1,40,아이스 카페 아메리카노
9,17,0,20,아이스 카페 아메리카노
8,17,1,30,아이스 카페 아메리카노
8,17,0,10,아이스 카페 아메리카노
7,17,1,30,아이스 카페 아메리카노
8,17,1,20,아이스 카페 아메리카노
9,17,1,30,아이스 카페 아메리카노
9,17,1,30,아이스 카페 아메리카노
9,17,0,30,아이스 카페 아메리카노
9,17,1,30,아이스 카페 아메리카노
7,17,1,30,아이스 카페 아메리카노
8,17,0,50,아이스 카페 아메리카노
8,17,1,40,아이스 자몽 허니 블랙 티
7,17,0,40,아이스 자몽 허니 블랙 티
8,17,0,10,아이스 자몽 허니 블랙 티
8,17,0,30,아이스 자몽 허니 블랙 티
9,17,1,20,아이스 자몽 허니 블랙 티
9,17,1,30,아이스 자몽 허니 블랙 티
8,17,1,30,아이스 자몽 허니 블랙 티
8,17,0,30,아이스 자몽 허니 블랙 티
8,17,0,20,아이스 자몽 허니 블랙 티
9,17,0,30,아이스 자몽 허니 블랙 티
9,17,1,30,아이스 자몽 허니 블랙 티
8,17,0,20,아이스 자몽 허니 블랙 티
8,17,1,20,아이스 자몽 허니 블랙 티
9,17,0,40,아이스 자몽 허니 블랙 티
8,17,1,20,아이스 자몽 허니 블랙 티
8,17,0,20,아이스 자몽 허니 블랙 티
9,17,0,50,아이스 자몽 허니 블랙 티
7,17,1,40,아이스 자몽 허니 블랙 티
9,17,0,40,아이스 자몽 허니 블랙 티
8,17,1,30,아이스 자몽 허니 블랙 티
8,17,0,20,아이스 자몽 허니 블랙 티
7,17,1,20,아이스 자몽 허니 블랙 티
8,17,0,50,아이스 자몽 허니 블랙 티
8,17,1,20,아이스 자몽 허니 블랙 티
8,17,1,30,아이스 자몽 허니 블랙 티
7,17,1,30,아이스 자몽 허니 블랙 티
8,17,1,10,아이스 자몽 허니 블랙 티
7,17,0,50,아이스 자몽 허니 블랙 티
7,17,0,40,아이스 자몽 허니 블랙 티
8,17,0,30,아이스 자몽 허니 블랙 티
7,17,0,30,아이스 자몽 허니 블랙 티
7,17,1,30,아이스 자몽 허니 블랙 티
7,17,0,20,아이스 카페 라떼
8,17,1,20,아이스 카페 라떼
8,17,0,20,아이스 카페 라떼
8,17,0,20,아이스 카페 라떼
7,17,0,30,아이스 카페 라떼
7,17,1,30,아이스 카페 라떼
8,17,0,40,아이스 카페 라떼
8,17,0,10,아이스 카페 라떼
7,17,0,30,아이스 카페 라떼
7,17,0,30,아이스 카페 라떼
8,17,0,30,아이스 카페 라떼
9,17,0,30,아이스 카페 라떼
7,17,0,30,아이스 카페 라떼
8,17,1,10,아이스 카페 라떼
7,17,1,20,아이스 카페 라떼
8,17,1,50,아이스 카페 라떼
7,17,1,30,아이스 카페 라떼
9,17,0,40,아이스 카페 라떼
7,17,1,20,아이스 카페 라떼
9,17,1,50,아이스 카페 라떼
9,17,0,30,아이스 카페 라떼
7,17,1,30,아이스 카페 라떼
8,17,1,20,아이스 카페 라떼
7,17,0,10,아이스 카페 라떼
9,17,1,20,아이스 카페 라떼
9,17,1,30,아이스 카페 라떼
8,17,0,30,아이스 카페 라떼
9,17,0,20,아이스 카페 라떼
8,17,1,30,딸기 레몬 블렌디드
9,17,1,20,딸기 레몬 블렌디드
8,17,1,50,딸기 레몬 블렌디드
7,17,1,40,딸기 레몬 블렌디드
8,17,1,30,딸기 레몬 블렌디드
7,17,1,50,딸기 레몬 블렌디드
7,17,0,30,딸기 레몬 블렌디드
8,17,1,20,딸기 레몬 블렌디드
8,17,1,30,딸기 레몬 블렌디드
7,17,0,30,딸기 레몬 블렌디드
7,17,0,30,딸기 레몬 블렌디드
7,17,0,20,딸기 레몬 블렌디드
9,17,0,30,딸기 레몬 블렌디드
9,17,1,20,딸기 레몬 블렌디드
8,17,1,40,딸기 레몬 블렌디드
8,17,0,30,딸기 레몬 블렌디드
7,17,1,10,딸기 레몬 블렌디드
7,17,1,50,딸기 레몬 블렌디드
7,17,0,30,딸기 레몬 블렌디드
9,17,1,20,딸기 레몬 블렌디드
9,17,1,20,딸기 레몬 블렌디드
7,17,1,20,딸기 레몬 블렌디드
9,17,0,30,딸기 딜라이트 요거트 블렌디드
7,17,0,10,딸기 딜라이트 요거트 블렌디드
7,17,1,50,딸기 딜라이트 요거트 블렌디드
7,17,0,20,딸기 딜라이트 요거트 블렌디드
7,17,1,30,딸기 딜라이트 요거트 블렌디드
7,17,0,30,딸기 딜라이트 요거트 블렌디드
9,17,1,50,딸기 딜라이트 요거트 블렌디드
9,17,1,20,딸기 딜라이트 요거트 블렌디드
8,17,1,40,딸기 딜라이트 요거트 블렌디드
7,17,0,20,딸기 딜라이트 요거트 블렌디드
9,17,1,30,딸기 딜라이트 요거트 블렌디드
7,17,1,30,딸기 딜라이트 요거트 블렌디드
8,17,1,20,딸기 딜라이트 요거트 블렌디드
9,17,0,10,딸기 딜라이트 요거트 블렌디드
7,17,1,20,딸기 딜라이트 요거트 블렌디드
9,17,0,10,딸기 딜라이트 요거트 블렌디드
7,17,0,50,딸기 딜라이트 요거트 블렌디드
9,17,1,40,딸기 딜라이트 요거트 블렌디드
7,17,0,10,에스프레소
9,17,0,30,에스프레소
8,17,0,40,에스프레소
8,17,1,30,에스프레소
8,17,1,30,에스프레소
7,17,0,40,에스프레소
9,17,1,20,에스프레소
7,17,0,30,에스프레소
9,17,0,20,에스프레소
7,17,1,20,에스프레소
8,17,1,40,에스프레소
9,17,0,20,에스프레소
8,17,1,30,에스프레소
9,17,0,20,에스프레소
9,17,0,10,에스프레소
8,17,0,20,아이스 디카페인 카페 아메리카노
7,17,1,30,아이스 디카페인 카페 아메리카노
7,17,1,40,아이스 디카페인 카페 아메리카노
9,17,0,20,아이스 디카페인 카페 아메리카노
7,17,1,20,아이스 디카페인 카페 아메리카노
9,17,1,10,아이스 디카페인 카페 아메리카노
9,17,0,50,아이스 디카페인 카페 아메리카노
8,17,1,30,아이스 디카페인 카페 아메리카노
8,17,0,20,아이스 디카페인 카페 아메리카노
9,17,0,50,아이스 디카페인 카페 아메리카노
9,17,1,20,아이스 디카페인 카페 아메리카노
8,17,1,20,아이스 디카페인 카페 아메리카노
7,17,1,20,돌체 콜드 브루
7,17,0,40,돌체 콜드 브루
9,17,1,20,돌체 콜드 브루
8,17,0,30,돌체 콜드 브루
9,17,1,30,돌체 콜드 브루
8,17,0,30,돌체 콜드 브루
9,17,1,30,돌체 콜드 브루
7,17,0,20,돌체 콜드 브루
7,17,1,20,파인애플 선셋 아이스티
8,17,1,50,파인애플 선셋 아이스티
8,17,0,30,파인애플 선셋 아이스티
8,17,1,20,카푸치노
7,17,1,20,나이트로 콜드 브루
9,17,0,20,나이트로 콜드 브루
9,17,1,30,돌체 라떼
9,17,1,30,아이스 돌체 라떼
7,17,0,30,클래식 아포가토
9,17,1,50,자바 칩 프라푸치노
9,17,1,20,화이트 초콜릿 모카 프라푸치노
8,17,1,30,초콜릿 크림 칩 프라푸치노
7,17,1,30,망고 패션 프루트 블렌디드
8,17,0,50,라임 패션 티
8,17,0,40,민트 블렌드 티
9,17,1,50,아이스 민트 블렌드 티
7,17,0,10,아이스 민트 블렌드 티
9,17,0,20,얼 그레이 티
8,17,0,20,아이스 유자 민트 티
9,17,1,50,캐모마일 블렌드 티
8,17,1,10,아이스 히비스커스 블렌드 티
8,17,0,30,아이스 제주 유기 녹차
7,17,1,30,아이스 패션 프루트 티
8,17,1,30,아이스 패션 프루트 티
8,18,0,10,아이스 카페 아메리카노
7,18,1,30,아이스 카페 아메리카노
8,18,0,30,아이스 카페 아메리카노
8,18,0,50,아이스 카페 아메리카노
9,18,1,20,아이스 카페 아메리카노
7,18,1,10,아이스 카페 아메리카노
8,18,0,50,아이스 카페 아메리카노
8,18,0,20,아이스 카페 아메리카노
8,18,1,10,아이스 카페 아메리카노
7,18,1,50,아이스 카페 아메리카노
7,18,1,30,아이스 카페 아메리카노
9,18,0,50,아이스 카페 아메리카노
8,18,0,40,아이스 카페 아메리카노
9,18,0,20,아이스 카페 아메리카노
8,18,0,20,아이스 카페 아메리카노
7,18,1,20,아이스 카페 아메리카노
8,18,0,50,아이스 카페 아메리카노
8,18,0,50,아이스 카페 아메리카노
8,18,1,20,아이스 카페 아메리카노
8,18,1,30,아이스 카페 아메리카노
9,18,1,40,아이스 카페 아메리카노
8,18,0,20,아이스 카페 아메리카노
9,18,1,30,아이스 카페 아메리카노
7,18,0,10,아이스 카페 아메리카노
9,18,1,50,아이스 카페 아메리카노
7,18,0,20,아이스 카페 아메리카노
8,18,0,30,아이스 카페 아메리카노
9,18,0,20,아이스 카페 아메리카노
8,18,0,20,아이스 카페 아메리카노
8,18,0,10,아이스 카페 아메리카노
8,18,1,30,아이스 카페 아메리카노
7,18,1,30,아이스 카페 아메리카노
7,18,0,30,아이스 카페 아메리카노
8,18,0,10,아이스 카페 아메리카노
7,18,1,20,아이스 카페 아메리카노
8,18,1,20,아이스 자몽 허니 블랙 티
9,18,0,20,아이스 자몽 허니 블랙 티
9,18,1,20,아이스 자몽 허니 블랙 티
8,18,1,20,아이스 자몽 허니 블랙 티
7,18,1,30,아이스 자몽 허니 블랙 티
8,18,0,40,아이스 자몽 허니 블랙 티
9,18,0,20,아이스 자몽 허니 블랙 티
8,18,1,50,아이스 자몽 허니 블랙 티
8,18,1,30,아이스 자몽 허니 블랙 티
8,18,0,20,아이스 자몽 허니 블랙 티
8,18,1,30,아이스 자몽 허니 블랙 티
9,18,1,20,아이스 자몽 허니 블랙 티
8,18,0,30,아이스 자몽 허니 블랙 티
8,18,1,20,아이스 자몽 허니 블랙 티
7,18,1,30,아이스 자몽 허니 블랙 티
8,18,0,30,아이스 자몽 허니 블랙 티
9,18,1,20,아이스 자몽 허니 블랙 티
7,18,0,30,아이스 자몽 허니 블랙 티
7,18,0,50,아이스 자몽 허니 블랙 티
8,18,1,30,아이스 자몽 허니 블랙 티
7,18,1,50,아이스 자몽 허니 블랙 티
9,18,1,20,아이스 자몽 허니 블랙 티
9,18,1,40,아이스 자몽 허니 블랙 티
7,18,1,40,아이스 자몽 허니 블랙 티
8,18,1,30,아이스 자몽 허니 블랙 티
9,18,1,10,아이스 자몽 허니 블랙 티
7,18,1,30,아이스 자몽 허니 블랙 티
9,18,1,30,아이스 자몽 허니 블랙 티
8,18,0,30,아이스 자몽 허니 블랙 티
9,18,1,40,아이스 자몽 허니 블랙 티
8,18,0,30,아이스 카페 라떼
9,18,1,30,아이스 카페 라떼
8,18,1,20,아이스 카페 라떼
7,18,1,50,아이스 카페 라떼
8,18,1,30,아이스 카페 라떼
8,18,0,30,아이스 카페 라떼
9,18,0,10,아이스 카페 라떼
8,18,0,30,아이스 카페 라떼
9,18,0,20,아이스 카페 라떼
7,18,0,10,아이스 카페 라떼
9,18,1,10,아이스 카페 라떼
9,18,0,20,아이스 카페 라떼
9,18,1,20,아이스 카페 라떼
9,18,1,20,아이스 카페 라떼
9,18,0,50,아이스 카페 라떼
8,18,0,30,아이스 카페 라떼
9,18,1,40,아이스 카페 라떼
7,18,1,30,아이스 카페 라떼
8,18,0,40,아이스 카페 라떼
8,18,1,20,아이스 카페 라떼
9,18,0,30,아이스 카페 라떼
9,18,0,30,아이스 카페 라떼
7,18,1,20,아이스 카페 라떼
7,18,0,20,아이스 카페 라떼
8,18,1,40,아이스 카페 라떼
7,18,1,40,아이스 카페 라떼
7,18,1,30,아이스 카페 라떼
7,18,1,50,딸기 레몬 블렌디드
9,18,1,10,딸기 레몬 블렌디드
7,18,1,30,딸기 레몬 블렌디드
8,18,1,50,딸기 레몬 블렌디드
8,18,1,50,딸기 레몬 블렌디드
9,18,0,30,딸기 레몬 블렌디드
9,18,1,30,딸기 레몬 블렌디드
7,18,0,20,딸기 레몬 블렌디드
8,18,0,20,딸기 레몬 블렌디드
7,18,1,30,딸기 레몬 블렌디드
7,18,1,30,딸기 레몬 블렌디드
7,18,0,30,딸기 레몬 블렌디드
9,18,1,40,딸기 레몬 블렌디드
8,18,0,20,딸기 레몬 블렌디드
8,18,1,10,딸기 레몬 블렌디드
8,18,1,20,딸기 레몬 블렌디드
8,18,1,30,딸기 레몬 블렌디드
7,18,1,40,딸기 레몬 블렌디드
7,18,0,20,딸기 레몬 블렌디드
7,18,0,30,딸기 레몬 블렌디드
7,18,0,40,딸기 레몬 블렌디드
9,18,1,20,딸기 레몬 블렌디드
9,18,1,40,딸기 레몬 블렌디드
7,18,1,30,딸기 레몬 블렌디드
8,18,1,20,딸기 딜라이트 요거트 블렌디드
7,18,1,50,딸기 딜라이트 요거트 블렌디드
9,18,0,30,딸기 딜라이트 요거트 블렌디드
9,18,1,30,딸기 딜라이트 요거트 블렌디드
9,18,0,30,딸기 딜라이트 요거트 블렌디드
9,18,0,30,딸기 딜라이트 요거트 블렌디드
7,18,1,20,딸기 딜라이트 요거트 블렌디드
8,18,0,30,딸기 딜라이트 요거트 블렌디드
7,18,1,30,딸기 딜라이트 요거트 블렌디드
9,18,0,20,딸기 딜라이트 요거트 블렌디드
8,18,0,40,딸기 딜라이트 요거트 블렌디드
7,18,0,30,딸기 딜라이트 요거트 블렌디드
7,18,0,20,딸기 딜라이트 요거트 블렌디드
8,18,1,30,딸기 딜라이트 요거트 블렌디드
7,18,0,30,딸기 딜라이트 요거트 블렌디드
8,18,0,20,딸기 딜라이트 요거트 블렌디드
7,18,1,30,딸기 딜라이트 요거트 블렌디드
9,18,0,20,딸기 딜라이트 요거트 블렌디드
8,18,1,40,딸기 딜라이트 요거트 블렌디드
8,18,0,20,에스프레소
8,18,0,20,에스프레소
8,18,1,30,에스프레소
7,18,1,20,에스프레소
9,18,1,30,에스프레소
9,18,0,20,에스프레소
7,18,1,50,에스프레소
8,18,1,20,에스프레소
9,18,1,30,에스프레소
8,18,1,30,에스프레소
9,18,1,20,에스프레소
8,18,1,20,에스프레소
7,18,0,50,에스프레소
9,18,1,50,에스프레소
7,18,1,20,아이스 디카페인 카페 아메리카노
7,18,0,30,아이스 디카페인 카페 아메리카노
8,18,1,30,아이스 디카페인 카페 아메리카노
8,18,0,40,아이스 디카페인 카페 아메리카노
9,18,1,10,아이스 디카페인 카페 아메리카노
9,18,0,20,아이스 디카페인 카페 아메리카노
9,18,0,20,아이스 디카페인 카페 아메리카노
7,18,0,20,아이스 디카페인 카페 아메리카노
7,18,1,30,아이스 디카페인 카페 아메리카노
7,18,1,20,아이스 디카페인 카페 아메리카노
7,18,0,20,아이스 디카페인 카페 아메리카노
8,18,0,10,파인애플 선셋 아이스티
8,18,1,20,파인애플 선셋 아이스티
7,18,1,30,파인애플 선셋 아이스티
7,18,1,20,파인애플 선셋 아이스티
9,18,1,20,파인애플 선셋 아이스티
7,18,1,30,파인애플 선셋 아이스티
8,18,1,30,파인애플 선셋 아이스티
7,18,0,30,파인애플 선셋 아이스티
9,18,0,30,돌체 카라멜 칩 커피 프라푸치노
9,18,0,20,돌체 카라멜 칩 커피 프라푸치노
8,18,1,10,카페 아메리카노
9,18,0,20,카푸치노
9,18,1,20,콜드 브루
8,18,0,20,콜드 브루
9,18,1,30,아이스 바닐라 빈 라떼
7,18,1,30,클래식 아포가토
8,18,0,40,클래식 아포가토
8,18,1,40,자바 칩 프라푸치노
8,18,0,10,자바 칩 프라푸치노
7,18,0,20,카라멜 프라푸치노
8,18,0,40,화이트 딸기 크림 프라푸치노
8,18,0,30,망고 패션 프루트 블렌디드
9,18,1,20,아이스 라임 패션 티
9,18,0,30,민트 블렌드 티
7,18,1,50,얼 그레이 티
7,18,0,20,아이스 유자 민트 티
7,18,1,20,아이스 유자 민트 티
8,18,0,30,패션 프루트 티
9,18,1,30,패션 프루트 티
9,18,1,20,잉글리쉬 브렉퍼스트 티
9,19,1,30,아이스 카페 아메리카노
8,19,0,20,아이스 카페 아메리카노
8,19,0,10,아이스 카페 아메리카노
7,19,0,20,아이스 카페 아메리카노
8,19,1,20,아이스 카페 아메리카노
8,19,0,50,아이스 카페 아메리카노
9,19,0,10,아이스 카페 아메리카노
8,19,1,30,아이스 카페 아메리카노
7,19,1,20,아이스 카페 아메리카노
7,19,1,20,아이스 카페 아메리카노
9,19,0,20,아이스 카페 아메리카노
8,19,0,30,아이스 카페 아메리카노
9,19,1,30,아이스 카페 아메리카노
7,19,1,30,아이스 카페 아메리카노
9,19,1,20,아이스 카페 아메리카노
7,19,0,20,아이스 카페 아메리카노
8,19,1,50,아이스 카페 아메리카노
7,19,1,30,아이스 카페 아메리카노
8,19,0,10,아이스 카페 아메리카노
7,19,1,10,아이스 카페 아메리카노
8,19,1,30,아이스 카페 아메리카노
9,19,1,20,아이스 카페 아메리카노
9,19,1,20,아이스 카페 아메리카노
9,19,1,20,아이스 카페 아메리카노
9,19,0,40,아이스 카페 아메리카노
7,19,0,10,아이스 카페 아메리카노
9,19,1,20,아이스 카페 아메리카노
7,19,1,50,아이스 카페 아메리카노
7,19,1,20,아이스 카페 아메리카노
7,19,0,30,아이스 카페 아메리카노
9,19,0,30,아이스 카페 아메리카노
7,19,0,30,아이스 카페 아메리카노
9,19,0,10,아이스 카페 아메리카노
8,19,0,30,아이스 카페 아메리카노
8,19,1,30,아이스 자몽 허니 블랙 티
8,19,1,40,아이스 자몽 허니 블랙 티
8,19,1,20,아이스 자몽 허니 블랙 티
8,19,0,40,아이스 자몽 허니 블랙 티
7,19,0,20,아이스 자몽 허니 블랙 티
9,19,0,30,아이스 자몽 허니 블랙 티
7,19,1,20,아이스 자몽 허니 블랙 티
7,19,0,30,아이스 자몽 허니 블랙 티
7,19,0,30,아이스 자몽 허니 블랙 티
9,19,0,20,아이스 자몽 허니 블랙 티
8,19,0,10,아이스 자몽 허니 블랙 티
9,19,1,40,아이스 자몽 허니 블랙 티
9,19,0,50,아이스 자몽 허니 블랙 티
9,19,0,40,아이스 자몽 허니 블랙 티
9,19,1,20,아이스 자몽 허니 블랙 티
8,19,1,50,아이스 자몽 허니 블랙 티
9,19,1,30,아이스 자몽 허니 블랙 티
7,19,1,10,아이스 자몽 허니 블랙 티
9,19,1,20,아이스 자몽 허니 블랙 티
7,19,1,20,아이스 자몽 허니 블랙 티
9,19,1,10,아이스 자몽 허니 블랙 티
8,19,1,30,아이스 자몽 허니 블랙 티
7,19,1,40,아이스 자몽 허니 블랙 티
9,19,1,30,아이스 자몽 허니 블랙 티
9,19,0,20,아이스 자몽 허니 블랙 티
9,19,1,50,아이스 자몽 허니 블랙 티
9,19,0,50,아이스 자몽 허니 블랙 티
7,19,1,30,아이스 자몽 허니 블랙 티
9,19,1,30,아이스 자몽 허니 블랙 티
9,19,1,30,아이스 자몽 허니 블랙 티
8,19,1,20,아이스 자몽 허니 블랙 티
8,19,0,10,아이스 카페 라떼
7,19,1,30,아이스 카페 라떼
8,19,0,20,아이스 카페 라떼
9,19,0,40,아이스 카페 라떼
7,19,1,40,아이스 카페 라떼
9,19,1,20,아이스 카페 라떼
9,19,1,40,아이스 카페 라떼
7,19,1,10,아이스 카페 라떼
8,19,1,30,아이스 카페 라떼
9,19,0,50,아이스 카페 라떼
9,19,1,20,아이스 카페 라떼
8,19,1,10,아이스 카페 라떼
9,19,1,40,아이스 카페 라떼
7,19,1,30,아이스 카페 라떼
7,19,1,20,아이스 카페 라떼
8,19,0,20,아이스 카페 라떼
8,19,0,30,아이스 카페 라떼
7,19,1,20,아이스 카페 라떼
8,19,0,50,아이스 카페 라떼
8,19,1,10,아이스 카페 라떼
8,19,0,30,아이스 카페 라떼
8,19,0,30,아이스 카페 라떼
7,19,1,20,아이스 카페 라떼
7,19,0,50,아이스 카페 라떼
7,19,1,30,아이스 카페 라떼
7,19,1,20,아이스 카페 라떼
8,19,0,10,아이스 카페 라떼
9,19,0,20,아이스 카페 라떼
8,19,0,20,딸기 레몬 블렌디드
7,19,1,20,딸기 레몬 블렌디드
7,19,1,40,딸기 레몬 블렌디드
9,19,0,10,딸기 레몬 블렌디드
9,19,0,30,딸기 레몬 블렌디드
7,19,0,30,딸기 레몬 블렌디드
8,19,0,10,딸기 레몬 블렌디드
8,19,0,20,딸기 레몬 블렌디드
8,19,0,50,딸기 레몬 블렌디드
9,19,1,30,딸기 레몬 블렌디드
9,19,1,20,딸기 레몬 블렌디드
8,19,0,30,딸기 레몬 블렌디드
7,19,0,20,딸기 레몬 블렌디드
7,19,0,20,딸기 레몬 블렌디드
8,19,1,10,딸기 레몬 블렌디드
7,19,1,40,딸기 레몬 블렌디드
8,19,0,30,딸기 레몬 블렌디드
9,19,1,20,딸기 레몬 블렌디드
7,19,0,30,딸기 레몬 블렌디드
9,19,1,20,딸기 레몬 블렌디드
9,19,1,30,딸기 레몬 블렌디드
7,19,0,30,딸기 레몬 블렌디드
8,19,1,20,딸기 레몬 블렌디드
9,19,0,30,딸기 레몬 블렌디드
7,19,0,20,아이스 디카페인 카페 아메리카노
9,19,1,40,아이스 디카페인 카페 아메리카노
8,19,1,30,아이스 디카페인 카페 아메리카노
9,19,0,30,아이스 디카페인 카페 아메리카노
7,19,1,50,아이스 디카페인 카페 아메리카노
8,19,1,20,아이스 디카페인 카페 아메리카노
7,19,1,40,아이스 디카페인 카페 아메리카노
7,19,1,30,아이스 디카페인 카페 아메리카노
7,19,1,30,아이스 디카페인 카페 아메리카노
7,19,0,50,아이스 디카페인 카페 아메리카노
9,19,1,10,아이스 디카페인 카페 아메리카노
7,19,1,40,아이스 디카페인 카페 아메리카노
9,19,0,50,아이스 디카페인 카페 아메리카노
8,19,1,40,아이스 디카페인 카페 아메리카노
8,19,1,30,아이스 디카페인 카페 아메리카노
8,19,0,10,아이스 디카페인 카페 아메리카노
8,19,1,30,아이스 디카페인 카페 아메리카노
7,19,1,10,아이스 디카페인 카페 아메리카노
7,19,1,50,아이스 디카페인 카페 아메리카노
7,19,1,10,아이스 디카페인 카페 아메리카노
8,19,1,20,딸기 딜라이트 요거트 블렌디드
8,19,0,30,딸기 딜라이트 요거트 블렌디드
9,19,1,20,딸기 딜라이트 요거트 블렌디드
7,19,1,50,딸기 딜라이트 요거트 블렌디드
9,19,1,20,딸기 딜라이트 요거트 블렌디드
8,19,0,20,딸기 딜라이트 요거트 블렌디드
8,19,0,30,딸기 딜라이트 요거트 블렌디드
9,19,1,10,딸기 딜라이트 요거트 블렌디드
9,19,1,50,딸기 딜라이트 요거트 블렌디드
8,19,1,30,딸기 딜라이트 요거트 블렌디드
7,19,0,20,딸기 딜라이트 요거트 블렌디드
8,19,1,20,딸기 딜라이트 요거트 블렌디드
8,19,1,10,딸기 딜라이트 요거트 블렌디드
8,19,1,30,딸기 딜라이트 요거트 블렌디드
7,19,0,30,딸기 딜라이트 요거트 블렌디드
7,19,1,30,딸기 딜라이트 요거트 블렌디드
8,19,1,30,파인애플 선셋 아이스티
8,19,0,30,파인애플 선셋 아이스티
9,19,0,20,파인애플 선셋 아이스티
8,19,0,20,파인애플 선셋 아이스티
8,19,0,20,파인애플 선셋 아이스티
8,19,0,30,파인애플 선셋 아이스티
8,19,1,10,파인애플 선셋 아이스티
8,19,1,30,파인애플 선셋 아이스티
9,19,0,30,파인애플 선셋 아이스티
7,19,1,30,파인애플 선셋 아이스티
9,19,1,10,민트 초콜릿 칩 블렌디드
8,19,1,30,민트 초콜릿 칩 블렌디드
8,19,0,30,민트 초콜릿 칩 블렌디드
8,19,1,10,민트 초콜릿 칩 블렌디드
8,19,1,20,민트 초콜릿 칩 블렌디드
8,19,1,40,민트 초콜릿 칩 블렌디드
8,19,0,10,민트 초콜릿 칩 블렌디드
7,19,1,20,돌체 콜드 브루
8,19,1,30,돌체 콜드 브루
7,19,0,20,돌체 콜드 브루
7,19,0,30,아이스 카라멜 마키아또
8,19,1,10,화이트 초콜릿 모카
7,19,1,20,아이스 화이트 초콜릿 모카
7,19,0,20,아이스 화이트 초콜릿 모카
9,19,0,30,바닐라 빈 라떼
8,19,0,20,모카 프라푸치노
9,19,1,30,자바 칩 프라푸치노
7,19,1,30,초콜릿 크림 칩 프라푸치노
7,19,1,50,초콜릿 크림 칩 프라푸치노
8,19,0,30,화이트 딸기 크림 프라푸치노
8,19,1,30,돌체 카라멜 칩 커피 프라푸치노
9,19,1,30,돌체 카라멜 칩 커피 프라푸치노
8,19,1,10,아이스 라임 패션 티
7,19,1,20,유자 민트 티
9,19,1,20,유자 민트 티
9,19,1,30,아이스 캐모마일 블렌드 티
9,19,1,40,히비스커스 블렌드 티
9,19,0,10,히비스커스 블렌드 티
7,19,1,10,제주 유기 녹차
7,19,0,30,제주 유기 녹차
8,20,1,10,아이스 카페 아메리카노
8,20,1,30,아이스 카페 아메리카노
7,20,0,20,아이스 카페 아메리카노
7,20,0,20,아이스 카페 아메리카노
7,20,1,10,아이스 카페 아메리카노
7,20,0,20,아이스 카페 아메리카노
9,20,0,30,아이스 카페 아메리카노
8,20,1,30,아이스 카페 아메리카노
7,20,0,30,아이스 카페 아메리카노
8,20,1,40,아이스 카페 아메리카노
7,20,1,10,아이스 카페 아메리카노
7,20,0,20,아이스 카페 아메리카노
7,20,1,30,아이스 카페 아메리카노
7,20,1,40,아이스 카페 아메리카노
9,20,1,20,아이스 카페 아메리카노
8,20,0,20,아이스 카페 아메리카노
7,20,0,40,아이스 카페 아메리카노
7,20,0,30,아이스 카페 아메리카노
9,20,0,20,아이스 카페 아메리카노
9,20,1,40,아이스 카페 아메리카노
9,20,0,30,아이스 카페 아메리카노
9,20,0,20,아이스 카페 아메리카노
8,20,1,30,아이스 카페 아메리카노
7,20,1,20,아이스 카페 아메리카노
7,20,1,40,아이스 카페 아메리카노
7,20,0,20,아이스 카페 아메리카노
7,20,1,40,아이스 카페 아메리카노
7,20,1,30,아이스 카페 아메리카노
9,20,1,30,아이스 카페 아메리카노
9,20,1,20,아이스 카페 아메리카노
9,20,1,10,아이스 카페 아메리카노
7,20,1,10,아이스 카페 아메리카노
8,20,1,20,아이스 카페 아메리카노
8,20,0,20,아이스 카페 아메리카노
9,20,0,10,아이스 카페 아메리카노
7,20,0,20,아이스 카페 아메리카노
7,20,0,30,아이스 자몽 허니 블랙 티
9,20,1,20,아이스 자몽 허니 블랙 티
7,20,1,40,아이스 자몽 허니 블랙 티
8,20,1,30,아이스 자몽 허니 블랙 티
9,20,1,20,아이스 자몽 허니 블랙 티
7,20,1,50,아이스 자몽 허니 블랙 티
7,20,1,30,아이스 자몽 허니 블랙 티
9,20,1,40,아이스 자몽 허니 블랙 티
8,20,1,20,아이스 자몽 허니 블랙 티
9,20,1,20,아이스 자몽 허니 블랙 티
8,20,1,30,아이스 자몽 허니 블랙 티
7,20,1,10,아이스 자몽 허니 블랙 티
7,20,0,20,아이스 자몽 허니 블랙 티
8,20,1,20,아이스 자몽 허니 블랙 티
9,20,1,10,아이스 자몽 허니 블랙 티
8,20,1,10,아이스 자몽 허니 블랙 티
9,20,1,50,아이스 자몽 허니 블랙 티
8,20,1,30,아이스 자몽 허니 블랙 티
9,20,0,20,아이스 자몽 허니 블랙 티
7,20,1,10,아이스 자몽 허니 블랙 티
8,20,1,30,아이스 자몽 허니 블랙 티
8,20,1,40,아이스 자몽 허니 블랙 티
9,20,0,30,아이스 자몽 허니 블랙 티
8,20,1,20,아이스 자몽 허니 블랙 티
8,20,0,50,아이스 자몽 허니 블랙 티
7,20,1,20,아이스 자몽 허니 블랙 티
7,20,1,20,아이스 자몽 허니 블랙 티
9,20,1,20,아이스 자몽 허니 블랙 티
8,20,0,20,아이스 자몽 허니 블랙 티
8,20,0,20,아이스 자몽 허니 블랙 티
9,20,0,20,아이스 자몽 허니 블랙 티
9,20,1,20,딸기 레몬 블렌디드
8,20,0,10,딸기 레몬 블렌디드
8,20,1,40,딸기 레몬 블렌디드
7,20,0,20,딸기 레몬 블렌디드
7,20,1,20,딸기 레몬 블렌디드
7,20,1,30,딸기 레몬 블렌디드
9,20,1,20,딸기 레몬 블렌디드
7,20,1,40,딸기 레몬 블렌디드
9,20,1,30,딸기 레몬 블렌디드
8,20,0,20,딸기 레몬 블렌디드
9,20,1,30,딸기 레몬 블렌디드
7,20,1,30,딸기 레몬 블렌디드
8,20,0,50,딸기 레몬 블렌디드
7,20,0,20,딸기 레몬 블렌디드
7,20,1,50,딸기 레몬 블렌디드
9,20,0,20,딸기 레몬 블렌디드
9,20,0,30,딸기 레몬 블렌디드
9,20,0,40,딸기 레몬 블렌디드
8,20,0,30,딸기 레몬 블렌디드
9,20,1,50,딸기 레몬 블렌디드
8,20,0,50,딸기 레몬 블렌디드
9,20,0,20,딸기 레몬 블렌디드
7,20,1,40,딸기 레몬 블렌디드
7,20,1,30,딸기 레몬 블렌디드
8,20,0,30,딸기 레몬 블렌디드
8,20,1,50,딸기 레몬 블렌디드
8,20,1,10,아이스 디카페인 카페 아메리카노
8,20,1,20,아이스 디카페인 카페 아메리카노
9,20,1,20,아이스 디카페인 카페 아메리카노
7,20,0,30,아이스 디카페인 카페 아메리카노
7,20,0,20,아이스 디카페인 카페 아메리카노
7,20,0,20,아이스 디카페인 카페 아메리카노
7,20,1,30,아이스 디카페인 카페 아메리카노
7,20,0,20,아이스 디카페인 카페 아메리카노
9,20,1,30,아이스 디카페인 카페 아메리카노
9,20,0,50,아이스 디카페인 카페 아메리카노
8,20,0,10,아이스 디카페인 카페 아메리카노
8,20,0,50,아이스 디카페인 카페 아메리카노
9,20,1,20,아이스 디카페인 카페 아메리카노
8,20,0,50,아이스 디카페인 카페 아메리카노
7,20,1,30,아이스 디카페인 카페 아메리카노
8,20,1,20,아이스 디카페인 카페 아메리카노
9,20,1,20,아이스 디카페인 카페 아메리카노
7,20,0,30,아이스 디카페인 카페 아메리카노
8,20,0,30,아이스 디카페인 카페 아메리카노
7,20,0,10,아이스 디카페인 카페 아메리카노
7,20,1,10,아이스 디카페인 카페 아메리카노
8,20,1,30,아이스 디카페인 카페 아메리카노
8,20,1,20,아이스 디카페인 카페 아메리카노
7,20,1,20,딸기 딜라이트 요거트 블렌디드
8,20,1,50,딸기 딜라이트 요거트 블렌디드
7,20,1,20,딸기 딜라이트 요거트 블렌디드
7,20,1,20,딸기 딜라이트 요거트 블렌디드
8,20,0,20,딸기 딜라이트 요거트 블렌디드
7,20,0,20,딸기 딜라이트 요거트 블렌디드
8,20,0,10,딸기 딜라이트 요거트 블렌디드
8,20,1,10,딸기 딜라이트 요거트 블렌디드
7,20,1,30,딸기 딜라이트 요거트 블렌디드
9,20,1,30,딸기 딜라이트 요거트 블렌디드
9,20,1,50,딸기 딜라이트 요거트 블렌디드
9,20,1,20,딸기 딜라이트 요거트 블렌디드
7,20,1,20,딸기 딜라이트 요거트 블렌디드
9,20,1,40,딸기 딜라이트 요거트 블렌디드
8,20,1,50,딸기 딜라이트 요거트 블렌디드
8,20,0,30,딸기 딜라이트 요거트 블렌디드
8,20,0,50,딸기 딜라이트 요거트 블렌디드
7,20,0,40,딸기 딜라이트 요거트 블렌디드
8,20,0,10,딸기 딜라이트 요거트 블렌디드
7,20,0,30,아이스 카페 라떼
9,20,0,40,아이스 카페 라떼
8,20,1,40,아이스 카페 라떼
9,20,0,30,아이스 카페 라떼
9,20,0,30,아이스 카페 라떼
9,20,1,20,아이스 카페 라떼
9,20,0,30,아이스 카페 라떼
9,20,0,10,아이스 카페 라떼
7,20,0,20,아이스 카페 라떼
8,20,1,20,아이스 카페 라떼
8,20,0,20,아이스 카페 라떼
8,20,1,20,아이스 카페 라떼
7,20,1,20,아이스 카페 라떼
9,20,0,20,아이스 카페 라떼
7,20,1,10,아이스 카페 라떼
8,20,1,20,아이스 카페 라떼
9,20,1,20,파인애플 선셋 아이스티
8,20,0,40,파인애플 선셋 아이스티
9,20,0,10,파인애플 선셋 아이스티
7,20,1,30,파인애플 선셋 아이스티
9,20,0,30,파인애플 선셋 아이스티
7,20,1,40,파인애플 선셋 아이스티
9,20,1,30,파인애플 선셋 아이스티
7,20,1,10,파인애플 선셋 아이스티
9,20,1,50,파인애플 선셋 아이스티
7,20,1,20,파인애플 선셋 아이스티
7,20,1,40,돌체 카라멜 칩 커피 프라푸치노
8,20,0,20,돌체 카라멜 칩 커피 프라푸치노
8,20,0,20,돌체 카라멜 칩 커피 프라푸치노
8,20,1,20,돌체 카라멜 칩 커피 프라푸치노
8,20,0,30,돌체 카라멜 칩 커피 프라푸치노
8,20,1,20,돌체 카라멜 칩 커피 프라푸치노
8,20,0,10,민트 초콜릿 칩 블렌디드
8,20,1,30,민트 초콜릿 칩 블렌디드
8,20,0,30,민트 초콜릿 칩 블렌디드
7,20,1,30,민트 초콜릿 칩 블렌디드
7,20,1,20,카페 아메리카노
7,20,1,20,아이스 카푸치노
7,20,0,20,카페 모카
8,20,0,10,카페 모카
8,20,1,30,아이스 화이트 초콜릿 모카
9,20,1,30,아이스 화이트 초콜릿 모카
7,20,1,30,콜드 브루
8,20,1,30,돌체 콜드 브루
7,20,1,30,아이스 돌체 라떼
9,20,1,40,아이스 바닐라 빈 라떼
9,20,1,50,아이스 바닐라 빈 라떼
7,20,1,30,모카 프라푸치노
8,20,0,30,에스프레소 프라푸치노
8,20,0,20,에스프레소 프라푸치노
9,20,0,30,자바 칩 프라푸치노
7,20,1,40,얼 그레이 티
8,20,0,40,제주 유기 녹차
7,20,0,30,제주 유기 녹차
8,20,0,30,패션 프루트 티
7,21,0,20,아이스 카페 아메리카노
9,21,1,40,아이스 카페 아메리카노
7,21,1,10,아이스 카페 아메리카노
8,21,1,30,아이스 카페 아메리카노
8,21,1,40,아이스 카페 아메리카노
8,21,1,10,아이스 카페 아메리카노
8,21,1,30,아이스 카페 아메리카노
7,21,1,20,아이스 카페 아메리카노
9,21,1,30,아이스 카페 아메리카노
7,21,0,30,아이스 카페 아메리카노
9,21,1,20,아이스 카페 아메리카노
7,21,1,30,아이스 카페 아메리카노
8,21,0,20,아이스 카페 아메리카노
8,21,0,30,아이스 카페 아메리카노
8,21,1,10,아이스 카페 아메리카노
7,21,0,10,아이스 카페 아메리카노
8,21,1,20,아이스 카페 아메리카노
9,21,0,20,아이스 카페 아메리카노
9,21,0,20,아이스 카페 아메리카노
9,21,1,20,아이스 카페 아메리카노
9,21,1,20,아이스 카페 아메리카노
8,21,0,40,아이스 카페 아메리카노
8,21,1,40,아이스 카페 아메리카노
9,21,1,20,아이스 카페 아메리카노
7,21,1,30,아이스 카페 아메리카노
9,21,0,20,아이스 카페 아메리카노
8,21,0,20,아이스 카페 아메리카노
8,21,1,50,아이스 카페 아메리카노
8,21,1,20,아이스 카페 아메리카노
9,21,1,30,아이스 카페 아메리카노
8,21,1,10,아이스 카페 아메리카노
7,21,1,30,아이스 카페 아메리카노
8,21,1,20,아이스 카페 아메리카노
7,21,1,20,아이스 카페 아메리카노
9,21,1,30,아이스 자몽 허니 블랙 티
7,21,0,30,아이스 자몽 허니 블랙 티
7,21,1,10,아이스 자몽 허니 블랙 티
8,21,1,30,아이스 자몽 허니 블랙 티
9,21,1,10,아이스 자몽 허니 블랙 티
9,21,1,20,아이스 자몽 허니 블랙 티
9,21,1,30,아이스 자몽 허니 블랙 티
9,21,1,20,아이스 자몽 허니 블랙 티
8,21,0,20,아이스 자몽 허니 블랙 티
7,21,1,50,아이스 자몽 허니 블랙 티
9,21,1,40,아이스 자몽 허니 블랙 티
8,21,1,30,아이스 자몽 허니 블랙 티
8,21,1,30,아이스 자몽 허니 블랙 티
9,21,1,30,아이스 자몽 허니 블랙 티
8,21,0,30,아이스 자몽 허니 블랙 티
9,21,0,50,아이스 자몽 허니 블랙 티
8,21,0,40,아이스 자몽 허니 블랙 티
7,21,1,30,아이스 자몽 허니 블랙 티
7,21,1,40,아이스 자몽 허니 블랙 티
8,21,1,30,아이스 자몽 허니 블랙 티
9,21,0,30,아이스 자몽 허니 블랙 티
8,21,1,30,아이스 자몽 허니 블랙 티
8,21,1,20,아이스 자몽 허니 블랙 티
8,21,1,40,아이스 자몽 허니 블랙 티
8,21,1,30,아이스 자몽 허니 블랙 티
9,21,1,20,아이스 자몽 허니 블랙 티
9,21,0,40,아이스 자몽 허니 블랙 티
8,21,1,20,아이스 자몽 허니 블랙 티
9,21,0,30,아이스 자몽 허니 블랙 티
9,21,1,20,아이스 자몽 허니 블랙 티
7,21,1,20,아이스 디카페인 카페 아메리카노
9,21,0,50,아이스 디카페인 카페 아메리카노
9,21,0,10,아이스 디카페인 카페 아메리카노
8,21,0,30,아이스 디카페인 카페 아메리카노
8,21,0,20,아이스 디카페인 카페 아메리카노
8,21,0,50,아이스 디카페인 카페 아메리카노
8,21,1,50,아이스 디카페인 카페 아메리카노
8,21,0,30,아이스 디카페인 카페 아메리카노
9,21,0,20,아이스 디카페인 카페 아메리카노
7,21,1,50,아이스 디카페인 카페 아메리카노
8,21,0,30,아이스 디카페인 카페 아메리카노
9,21,1,30,아이스 디카페인 카페 아메리카노
9,21,0,30,아이스 디카페인 카페 아메리카노
7,21,0,50,아이스 디카페인 카페 아메리카노
8,21,0,20,아이스 디카페인 카페 아메리카노
9,21,0,20,아이스 디카페인 카페 아메리카노
9,21,1,10,아이스 디카페인 카페 아메리카노
9,21,0,10,아이스 디카페인 카페 아메리카노
7,21,1,20,아이스 디카페인 카페 아메리카노
8,21,0,20,아이스 디카페인 카페 아메리카노
8,21,1,30,아이스 디카페인 카페 아메리카노
9,21,1,30,아이스 디카페인 카페 아메리카노
8,21,1,40,아이스 디카페인 카페 아메리카노
9,21,1,30,아이스 디카페인 카페 아메리카노
8,21,0,20,아이스 디카페인 카페 아메리카노
7,21,0,40,아이스 디카페인 카페 아메리카노
9,21,0,40,아이스 디카페인 카페 아메리카노
7,21,1,20,아이스 디카페인 카페 아메리카노
9,21,1,30,딸기 레몬 블렌디드
9,21,1,20,딸기 레몬 블렌디드
9,21,0,40,딸기 레몬 블렌디드
8,21,1,10,딸기 레몬 블렌디드
8,21,0,30,딸기 레몬 블렌디드
8,21,0,50,딸기 레몬 블렌디드
9,21,0,20,딸기 레몬 블렌디드
9,21,1,20,딸기 레몬 블렌디드
9,21,0,20,딸기 레몬 블렌디드
7,21,1,30,딸기 레몬 블렌디드
9,21,1,20,딸기 레몬 블렌디드
9,21,0,30,딸기 레몬 블렌디드
8,21,0,20,딸기 레몬 블렌디드
7,21,1,50,딸기 레몬 블렌디드
8,21,0,20,딸기 레몬 블렌디드
7,21,0,20,딸기 레몬 블렌디드
8,21,1,30,딸기 레몬 블렌디드
9,21,1,20,딸기 레몬 블렌디드
8,21,0,30,딸기 레몬 블렌디드
7,21,1,40,딸기 레몬 블렌디드
7,21,1,30,딸기 레몬 블렌디드
9,21,0,30,딸기 레몬 블렌디드
7,21,0,20,딸기 레몬 블렌디드
8,21,0,30,딸기 레몬 블렌디드
8,21,0,10,아이스 카페 라떼
7,21,1,20,아이스 카페 라떼
9,21,1,10,아이스 카페 라떼
7,21,1,30,아이스 카페 라떼
8,21,1,20,아이스 카페 라떼
9,21,1,50,아이스 카페 라떼
9,21,1,40,아이스 카페 라떼
8,21,0,30,아이스 카페 라떼
8,21,1,40,아이스 카페 라떼
7,21,1,40,아이스 카페 라떼
9,21,0,20,아이스 카페 라떼
8,21,0,20,아이스 카페 라떼
7,21,1,30,아이스 카페 라떼
9,21,1,30,아이스 카페 라떼
9,21,0,40,아이스 카페 라떼
8,21,1,20,아이스 카페 라떼
7,21,0,20,아이스 카페 라떼
8,21,1,20,아이스 카페 라떼
7,21,1,40,아이스 카페 라떼
9,21,1,20,아이스 카페 라떼
8,21,1,20,딸기 딜라이트 요거트 블렌디드
7,21,1,50,딸기 딜라이트 요거트 블렌디드
8,21,1,10,딸기 딜라이트 요거트 블렌디드
7,21,0,10,딸기 딜라이트 요거트 블렌디드
9,21,1,50,딸기 딜라이트 요거트 블렌디드
7,21,0,20,딸기 딜라이트 요거트 블렌디드
9,21,1,50,딸기 딜라이트 요거트 블렌디드
9,21,1,30,딸기 딜라이트 요거트 블렌디드
7,21,0,50,딸기 딜라이트 요거트 블렌디드
9,21,1,30,딸기 딜라이트 요거트 블렌디드
9,21,0,20,딸기 딜라이트 요거트 블렌디드
9,21,1,50,딸기 딜라이트 요거트 블렌디드
7,21,1,20,딸기 딜라이트 요거트 블렌디드
9,21,1,50,딸기 딜라이트 요거트 블렌디드
8,21,1,20,딸기 딜라이트 요거트 블렌디드
8,21,1,20,딸기 딜라이트 요거트 블렌디드
7,21,1,10,파인애플 선셋 아이스티
9,21,1,30,파인애플 선셋 아이스티
9,21,1,20,파인애플 선셋 아이스티
8,21,1,30,파인애플 선셋 아이스티
9,21,1,10,파인애플 선셋 아이스티
7,21,0,50,파인애플 선셋 아이스티
9,21,0,20,파인애플 선셋 아이스티
8,21,0,50,파인애플 선셋 아이스티
8,21,1,30,파인애플 선셋 아이스티
9,21,1,30,파인애플 선셋 아이스티
7,21,0,30,파인애플 선셋 아이스티
7,21,0,10,파인애플 선셋 아이스티
9,21,1,10,돌체 콜드 브루
9,21,1,10,돌체 콜드 브루
7,21,1,50,돌체 콜드 브루
8,21,1,30,돌체 콜드 브루
7,21,1,40,돌체 콜드 브루
7,21,0,30,돌체 콜드 브루
7,21,1,20,돌체 콜드 브루
7,21,0,40,돌체 콜드 브루
8,21,1,20,돌체 카라멜 칩 커피 프라푸치노
8,21,0,40,돌체 카라멜 칩 커피 프라푸치노
9,21,1,20,돌체 카라멜 칩 커피 프라푸치노
8,21,0,20,카라멜 마키아또
8,21,1,50,카라멜 마키아또
8,21,1,10,나이트로 콜드 브루
7,21,0,50,클래식 아포가토
7,21,1,30,모카 프라푸치노
8,21,1,30,카라멜 프라푸치노
7,21,0,20,화이트 초콜릿 모카 프라푸치노
8,21,0,30,바닐라 크림 프라푸치노
9,21,0,10,바닐라 크림 프라푸치노
7,21,0,20,화이트 딸기 크림 프라푸치노
7,21,0,50,라임 패션 티
8,21,1,30,라임 패션 티
9,21,0,30,민트 블렌드 티
8,21,1,20,아이스 민트 블렌드 티
7,21,1,30,아이스 유자 민트 티
9,21,1,50,아이스 히비스커스 블렌드 티
7,21,0,30,아이스 히비스커스 블렌드 티
7,22,1,30,아이스 카페 아메리카노
9,22,1,30,아이스 카페 아메리카노
8,22,1,30,아이스 카페 아메리카노
8,22,0,30,아이스 카페 아메리카노
7,22,1,10,아이스 카페 아메리카노
7,22,0,10,아이스 카페 아메리카노
9,22,0,50,아이스 카페 아메리카노
7,22,0,40,아이스 카페 아메리카노
8,22,1,50,아이스 카페 아메리카노
8,22,1,40,아이스 카페 아메리카노
8,22,1,30,아이스 카페 아메리카노
9,22,0,20,아이스 카페 아메리카노
8,22,0,20,아이스 카페 아메리카노
8,22,1,10,아이스 카페 아메리카노
8,22,1,30,아이스 카페 아메리카노
8,22,0,40,아이스 카페 아메리카노
9,22,1,20,아이스 카페 아메리카노
9,22,1,10,아이스 카페 아메리카노
9,22,0,50,아이스 카페 아메리카노
7,22,1,30,아이스 카페 아메리카노
9,22,1,20,아이스 카페 아메리카노
8,22,0,30,아이스 카페 아메리카노
9,22,1,10,아이스 카페 아메리카노
8,22,1,30,아이스 카페 아메리카노
7,22,1,50,아이스 카페 아메리카노
8,22,0,20,아이스 카페 아메리카노
8,22,1,40,아이스 카페 아메리카노
9,22,1,20,아이스 카페 아메리카노
7,22,0,30,아이스 카페 아메리카노
7,22,0,20,아이스 카페 아메리카노
8,22,1,30,아이스 카페 아메리카노
9,22,0,20,아이스 카페 아메리카노
8,22,1,10,아이스 카페 아메리카노
8,22,0,30,아이스 카페 아메리카노
7,22,0,10,아이스 카페 아메리카노
7,22,0,30,아이스 카페 아메리카노
9,22,0,10,아이스 카페 라떼
8,22,1,30,아이스 카페 라떼
8,22,1,30,아이스 카페 라떼
9,22,1,20,아이스 카페 라떼
7,22,0,10,아이스 카페 라떼
7,22,1,30,아이스 카페 라떼
9,22,1,30,아이스 카페 라떼
8,22,1,20,아이스 카페 라떼
8,22,1,20,아이스 카페 라떼
9,22,1,30,아이스 카페 라떼
8,22,1,30,아이스 카페 라떼
9,22,1,20,아이스 카페 라떼
9,22,1,40,아이스 카페 라떼
8,22,0,10,아이스 카페 라떼
7,22,0,40,아이스 카페 라떼
9,22,0,20,아이스 카페 라떼
8,22,0,20,아이스 카페 라떼
8,22,1,30,아이스 카페 라떼
7,22,0,20,아이스 카페 라떼
9,22,1,50,아이스 카페 라떼
7,22,1,30,아이스 카페 라떼
7,22,1,20,아이스 카페 라떼
8,22,0,20,아이스 카페 라떼
7,22,0,20,아이스 카페 라떼
7,22,1,30,아이스 카페 라떼
8,22,0,20,아이스 카페 라떼
7,22,1,40,아이스 카페 라떼
7,22,1,20,아이스 카페 라떼
8,22,0,20,아이스 카페 라떼
8,22,1,40,아이스 카페 라떼
8,22,0,40,아이스 디카페인 카페 아메리카노
7,22,1,30,아이스 디카페인 카페 아메리카노
9,22,1,10,아이스 디카페인 카페 아메리카노
7,22,1,20,아이스 디카페인 카페 아메리카노
9,22,0,30,아이스 디카페인 카페 아메리카노
7,22,1,20,아이스 디카페인 카페 아메리카노
7,22,0,30,아이스 디카페인 카페 아메리카노
7,22,0,20,아이스 디카페인 카페 아메리카노
9,22,1,30,아이스 디카페인 카페 아메리카노
9,22,1,10,아이스 디카페인 카페 아메리카노
8,22,1,20,아이스 디카페인 카페 아메리카노
9,22,1,40,아이스 디카페인 카페 아메리카노
7,22,1,40,아이스 디카페인 카페 아메리카노
8,22,1,40,아이스 디카페인 카페 아메리카노
9,22,0,50,아이스 디카페인 카페 아메리카노
7,22,1,20,아이스 디카페인 카페 아메리카노
7,22,0,30,아이스 디카페인 카페 아메리카노
8,22,1,20,아이스 디카페인 카페 아메리카노
9,22,1,30,아이스 디카페인 카페 아메리카노
8,22,1,40,아이스 디카페인 카페 아메리카노
8,22,0,30,아이스 디카페인 카페 아메리카노
8,22,0,50,아이스 디카페인 카페 아메리카노
9,22,1,30,아이스 디카페인 카페 아메리카노
7,22,1,50,아이스 디카페인 카페 아메리카노
9,22,0,40,아이스 디카페인 카페 아메리카노
8,22,1,30,아이스 디카페인 카페 아메리카노
9,22,1,30,아이스 자몽 허니 블랙 티
8,22,1,30,아이스 자몽 허니 블랙 티
7,22,1,20,아이스 자몽 허니 블랙 티
8,22,1,20,아이스 자몽 허니 블랙 티
8,22,0,20,아이스 자몽 허니 블랙 티
8,22,1,30,아이스 자몽 허니 블랙 티
8,22,0,30,아이스 자몽 허니 블랙 티
9,22,1,20,아이스 자몽 허니 블랙 티
8,22,1,30,아이스 자몽 허니 블랙 티
7,22,0,40,아이스 자몽 허니 블랙 티
9,22,1,40,아이스 자몽 허니 블랙 티
9,22,1,40,아이스 자몽 허니 블랙 티
7,22,1,30,아이스 자몽 허니 블랙 티
9,22,1,40,아이스 자몽 허니 블랙 티
7,22,0,30,아이스 자몽 허니 블랙 티
8,22,0,40,아이스 자몽 허니 블랙 티
7,22,1,10,아이스 자몽 허니 블랙 티
8,22,1,20,아이스 자몽 허니 블랙 티
7,22,1,50,아이스 자몽 허니 블랙 티
7,22,1,20,아이스 자몽 허니 블랙 티
7,22,0,30,아이스 자몽 허니 블랙 티
8,22,1,20,아이스 자몽 허니 블랙 티
9,22,1,30,아이스 자몽 허니 블랙 티
9,22,1,10,딸기 레몬 블렌디드
9,22,0,30,딸기 레몬 블렌디드
7,22,1,30,딸기 레몬 블렌디드
9,22,1,20,딸기 레몬 블렌디드
8,22,1,40,딸기 레몬 블렌디드
8,22,1,40,딸기 레몬 블렌디드
9,22,1,20,딸기 레몬 블렌디드
7,22,1,20,딸기 레몬 블렌디드
7,22,1,30,딸기 레몬 블렌디드
7,22,1,20,딸기 레몬 블렌디드
7,22,1,50,딸기 레몬 블렌디드
8,22,1,10,딸기 레몬 블렌디드
9,22,1,30,딸기 레몬 블렌디드
8,22,1,20,딸기 레몬 블렌디드
8,22,1,30,딸기 레몬 블렌디드
9,22,0,20,딸기 레몬 블렌디드
7,22,1,50,딸기 레몬 블렌디드
8,22,1,20,딸기 레몬 블렌디드
9,22,0,30,딸기 레몬 블렌디드
7,22,1,20,콜드 브루
8,22,1,30,콜드 브루
9,22,1,50,콜드 브루
7,22,1,30,콜드 브루
7,22,1,30,콜드 브루
9,22,1,30,콜드 브루
8,22,0,20,콜드 브루
7,22,1,20,콜드 브루
9,22,0,20,콜드 브루
8,22,1,30,콜드 브루
9,22,1,10,콜드 브루
8,22,1,20,콜드 브루
7,22,1,30,콜드 브루
7,22,0,10,콜드 브루
9,22,1,20,돌체 카라멜 칩 커피 프라푸치노
8,22,0,30,돌체 카라멜 칩 커피 프라푸치노
8,22,1,30,돌체 카라멜 칩 커피 프라푸치노
8,22,0,30,돌체 카라멜 칩 커피 프라푸치노
7,22,1,20,돌체 카라멜 칩 커피 프라푸치노
7,22,0,10,돌체 카라멜 칩 커피 프라푸치노
9,22,0,40,돌체 카라멜 칩 커피 프라푸치노
9,22,0,40,돌체 카라멜 칩 커피 프라푸치노
8,22,1,50,돌체 카라멜 칩 커피 프라푸치노
8,22,1,20,돌체 카라멜 칩 커피 프라푸치노
7,22,1,10,돌체 카라멜 칩 커피 프라푸치노
8,22,0,50,에스프레소
7,22,1,50,에스프레소
9,22,1,20,에스프레소
8,22,1,20,에스프레소
7,22,1,30,에스프레소
7,22,1,50,에스프레소
9,22,0,20,에스프레소
8,22,0,20,파인애플 선셋 아이스티
8,22,0,20,파인애플 선셋 아이스티
7,22,1,30,파인애플 선셋 아이스티
8,22,0,30,파인애플 선셋 아이스티
9,22,1,20,카페 아메리카노
8,22,0,30,카푸치노
8,22,0,20,아이스 카푸치노
8,22,0,50,나이트로 바닐라 크림
9,22,1,40,돌체 라떼
7,22,1,20,바닐라 빈 라떼
9,22,1,50,클래식 아포가토
8,22,1,20,자바 칩 프라푸치노
8,22,1,30,카라멜 프라푸치노
7,22,1,30,카라멜 프라푸치노
9,22,1,20,딸기 딜라이트 요거트 블렌디드
9,22,0,20,아이스 얼 그레이 티
8,22,1,20,아이스 유자 민트 티
7,22,1,20,아이스 히비스커스 블렌드 티
7,22,0,40,아이스 히비스커스 블렌드 티
9,22,0,30,아이스 제주 유기 녹차